[{"model": "contenttypes.contenttype", "pk": 10, "fields": {"app_label": "auth", "model": "user"}}, {"model": "contenttypes.contenttype", "pk": 11, "fields": {"app_label": "app", "model": "profile"}}, {"model": "contenttypes.contenttype", "pk": 12, "fields": {"app_label": "app", "model": "paper"}}, {"model": "contenttypes.contenttype", "pk": 13, "fields": {"app_label": "app", "model": "attempt"}}, {"model": "contenttypes.contenttype", "pk": 14, "fields": {"app_label": "admin", "model": "logentry"}}, {"model": "contenttypes.contenttype", "pk": 15, "fields": {"app_label": "auth", "model": "group"}}, {"model": "contenttypes.contenttype", "pk": 16, "fields": {"app_label": "auth", "model": "permission"}}, {"model": "contenttypes.contenttype", "pk": 17, "fields": {"app_label": "contenttypes", "model": "contenttype"}}, {"model": "contenttypes.contenttype", "pk": 18, "fields": {"app_label": "sessions", "model": "session"}}, {"model": "sessions.session", "pk": "0kk2j0mjsrjrwblr1c07ikb31wy6n3tz", "fields": {"session_data": "NWFiNTA3YmJmYTAwZmYyNWQ1MGMyYzc1MjY3YjA0ZDJkMWFhNmFlODp7Il9hdXRoX3VzZXJfaWQiOiIzIiwiX2F1dGhfdXNlcl9iYWNrZW5kIjoiZGphbmdvLmNvbnRyaWIuYXV0aC5iYWNrZW5kcy5Nb2RlbEJhY2tlbmQiLCJfYXV0aF91c2VyX2hhc2giOiIwZWU3YTAyOWIzZDA0OTMwMDE5MjIzNjQ5ZTJhNjk0YmU3YWM2NTQzIn0=", "expire_date": "2020-05-06T11:24:33.537Z"}}, {"model": "sessions.session", "pk": "0lcdm2gdlpx36576cowofpvzxdxmbfbu", "fields": {"session_data": "NGM3M2M5ZTFlOTMyNDIwMjI5N2U4NjE2MzRmZjJkMTE5ODkyOWQwZDp7Il9hdXRoX3VzZXJfaWQiOiIxIiwiX2F1dGhfdXNlcl9iYWNrZW5kIjoiZGphbmdvLmNvbnRyaWIuYXV0aC5iYWNrZW5kcy5Nb2RlbEJhY2tlbmQiLCJfYXV0aF91c2VyX2hhc2giOiI4YjA2OWM3MzViM2U5YWVjOGEwZGRhZWE0ZmNkZmQzYTA1NGQxZTMzIn0=", "expire_date": "2020-05-26T14:27:42.542Z"}}, {"model": "sessions.session", "pk": "123kxrec7kr8dgwj2u4h54jd86y1gaqk", "fields": {"session_data": "Zjg0YWMzMTA4ZDY2ZDM2MTU4NmNmZTc4NDM5ZDI0ZDUwMzFlNmM4NDp7Il9hdXRoX3VzZXJfaWQiOiI1IiwiX2F1dGhfdXNlcl9iYWNrZW5kIjoiZGphbmdvLmNvbnRyaWIuYXV0aC5iYWNrZW5kcy5Nb2RlbEJhY2tlbmQiLCJfYXV0aF91c2VyX2hhc2giOiIyMjJjYjJlNTY4MWEzOTZjNGI2NjFkYTI2MzNjZDFiMTNmYjEwMTVhIn0=", "expire_date": "2020-04-30T13:31:30.474Z"}}, {"model": "sessions.session", "pk": "16abhgy8nm03xxu93t8zf7nrpbvxtm9w", "fields": {"session_data": "NWFiNTA3YmJmYTAwZmYyNWQ1MGMyYzc1MjY3YjA0ZDJkMWFhNmFlODp7Il9hdXRoX3VzZXJfaWQiOiIzIiwiX2F1dGhfdXNlcl9iYWNrZW5kIjoiZGphbmdvLmNvbnRyaWIuYXV0aC5iYWNrZW5kcy5Nb2RlbEJhY2tlbmQiLCJfYXV0aF91c2VyX2hhc2giOiIwZWU3YTAyOWIzZDA0OTMwMDE5MjIzNjQ5ZTJhNjk0YmU3YWM2NTQzIn0=", "expire_date": "2020-06-08T04:07:39.257Z"}}, {"model": "sessions.session", "pk": "1h2ercd0lhvrfjxw98d3j1as8hb5d8ul", "fields": {"session_data": "MzRmZGVlZDJhMDQxZmUyNjM1ZDg2MDcxMmJkMzA3NDQxNTkwNjRmMDp7Il9hdXRoX3VzZXJfaWQiOiI0IiwiX2F1dGhfdXNlcl9iYWNrZW5kIjoiZGphbmdvLmNvbnRyaWIuYXV0aC5iYWNrZW5kcy5Nb2RlbEJhY2tlbmQiLCJfYXV0aF91c2VyX2hhc2giOiIwOWM1NGY4NTYyZGI3ZjVlZmE1YmU5ZGI4MmMwMWVmOTc0ZTllOTllIn0=", "expire_date": "2020-04-30T12:16:58.810Z"}}, {"model": "sessions.session", "pk": "1mu54dynq802kp4u5p2vy1z3zuwr8kjy", "fields": {"session_data": "NWFiNTA3YmJmYTAwZmYyNWQ1MGMyYzc1MjY3YjA0ZDJkMWFhNmFlODp7Il9hdXRoX3VzZXJfaWQiOiIzIiwiX2F1dGhfdXNlcl9iYWNrZW5kIjoiZGphbmdvLmNvbnRyaWIuYXV0aC5iYWNrZW5kcy5Nb2RlbEJhY2tlbmQiLCJfYXV0aF91c2VyX2hhc2giOiIwZWU3YTAyOWIzZDA0OTMwMDE5MjIzNjQ5ZTJhNjk0YmU3YWM2NTQzIn0=", "expire_date": "2020-04-30T05:45:41.414Z"}}, {"model": "sessions.session", "pk": "20wh7bvul121nr0a1tzf6b0xr7z6kre4", "fields": {"session_data": "NWFiNTA3YmJmYTAwZmYyNWQ1MGMyYzc1MjY3YjA0ZDJkMWFhNmFlODp7Il9hdXRoX3VzZXJfaWQiOiIzIiwiX2F1dGhfdXNlcl9iYWNrZW5kIjoiZGphbmdvLmNvbnRyaWIuYXV0aC5iYWNrZW5kcy5Nb2RlbEJhY2tlbmQiLCJfYXV0aF91c2VyX2hhc2giOiIwZWU3YTAyOWIzZDA0OTMwMDE5MjIzNjQ5ZTJhNjk0YmU3YWM2NTQzIn0=", "expire_date": "2020-06-08T03:59:00.206Z"}}, {"model": "sessions.session", "pk": "25mdz9xoeo6xq1dqzknr9og5w8dz7epq", "fields": {"session_data": "NTgwZjU5YzRkYzVmZTQ4ODRhMGM0NThiMjJhNTkzM2VmNjcwYTQ5ZTp7Il9hdXRoX3VzZXJfaWQiOiI0MCIsIl9hdXRoX3VzZXJfYmFja2VuZCI6ImRqYW5nby5jb250cmliLmF1dGguYmFja2VuZHMuTW9kZWxCYWNrZW5kIiwiX2F1dGhfdXNlcl9oYXNoIjoiOGVmZTk2MTUwOTFmNTQ3YzYyYzY4Y2I2ZGQxZjhiZTNlZWRhNGU0NSJ9", "expire_date": "2020-05-24T05:05:54.594Z"}}, {"model": "sessions.session", "pk": "25p80t7bhq34bmxd0dfs7xey5hpf5aag", "fields": {"session_data": "NWFiNTA3YmJmYTAwZmYyNWQ1MGMyYzc1MjY3YjA0ZDJkMWFhNmFlODp7Il9hdXRoX3VzZXJfaWQiOiIzIiwiX2F1dGhfdXNlcl9iYWNrZW5kIjoiZGphbmdvLmNvbnRyaWIuYXV0aC5iYWNrZW5kcy5Nb2RlbEJhY2tlbmQiLCJfYXV0aF91c2VyX2hhc2giOiIwZWU3YTAyOWIzZDA0OTMwMDE5MjIzNjQ5ZTJhNjk0YmU3YWM2NTQzIn0=", "expire_date": "2020-05-06T07:41:13.090Z"}}, {"model": "sessions.session", "pk": "25yesmto93iyeml5kc8o3g7zbr1cncwi", "fields": {"session_data": "NGM3M2M5ZTFlOTMyNDIwMjI5N2U4NjE2MzRmZjJkMTE5ODkyOWQwZDp7Il9hdXRoX3VzZXJfaWQiOiIxIiwiX2F1dGhfdXNlcl9iYWNrZW5kIjoiZGphbmdvLmNvbnRyaWIuYXV0aC5iYWNrZW5kcy5Nb2RlbEJhY2tlbmQiLCJfYXV0aF91c2VyX2hhc2giOiI4YjA2OWM3MzViM2U5YWVjOGEwZGRhZWE0ZmNkZmQzYTA1NGQxZTMzIn0=", "expire_date": "2020-05-07T06:52:49.245Z"}}, {"model": "sessions.session", "pk": "2dxg15aedpgigkk3byydkdu7q082r8vo", "fields": {"session_data": "NWFiNTA3YmJmYTAwZmYyNWQ1MGMyYzc1MjY3YjA0ZDJkMWFhNmFlODp7Il9hdXRoX3VzZXJfaWQiOiIzIiwiX2F1dGhfdXNlcl9iYWNrZW5kIjoiZGphbmdvLmNvbnRyaWIuYXV0aC5iYWNrZW5kcy5Nb2RlbEJhY2tlbmQiLCJfYXV0aF91c2VyX2hhc2giOiIwZWU3YTAyOWIzZDA0OTMwMDE5MjIzNjQ5ZTJhNjk0YmU3YWM2NTQzIn0=", "expire_date": "2020-05-28T06:40:53.800Z"}}, {"model": "sessions.session", "pk": "2xe6nmsbjlqjsxokurkpqd653sizk96u", "fields": {"session_data": "NTgwZjU5YzRkYzVmZTQ4ODRhMGM0NThiMjJhNTkzM2VmNjcwYTQ5ZTp7Il9hdXRoX3VzZXJfaWQiOiI0MCIsIl9hdXRoX3VzZXJfYmFja2VuZCI6ImRqYW5nby5jb250cmliLmF1dGguYmFja2VuZHMuTW9kZWxCYWNrZW5kIiwiX2F1dGhfdXNlcl9oYXNoIjoiOGVmZTk2MTUwOTFmNTQ3YzYyYzY4Y2I2ZGQxZjhiZTNlZWRhNGU0NSJ9", "expire_date": "2020-05-24T05:05:53.088Z"}}, {"model": "sessions.session", "pk": "35c3bo23qhkgclpym0zough8abnl503x", "fields": {"session_data": "NWFiNTA3YmJmYTAwZmYyNWQ1MGMyYzc1MjY3YjA0ZDJkMWFhNmFlODp7Il9hdXRoX3VzZXJfaWQiOiIzIiwiX2F1dGhfdXNlcl9iYWNrZW5kIjoiZGphbmdvLmNvbnRyaWIuYXV0aC5iYWNrZW5kcy5Nb2RlbEJhY2tlbmQiLCJfYXV0aF91c2VyX2hhc2giOiIwZWU3YTAyOWIzZDA0OTMwMDE5MjIzNjQ5ZTJhNjk0YmU3YWM2NTQzIn0=", "expire_date": "2020-06-08T02:31:45.323Z"}}, {"model": "sessions.session", "pk": "3u1vnfv733ccu38mu2e4iql9ieg3d2eh", "fields": {"session_data": "NGM3M2M5ZTFlOTMyNDIwMjI5N2U4NjE2MzRmZjJkMTE5ODkyOWQwZDp7Il9hdXRoX3VzZXJfaWQiOiIxIiwiX2F1dGhfdXNlcl9iYWNrZW5kIjoiZGphbmdvLmNvbnRyaWIuYXV0aC5iYWNrZW5kcy5Nb2RlbEJhY2tlbmQiLCJfYXV0aF91c2VyX2hhc2giOiI4YjA2OWM3MzViM2U5YWVjOGEwZGRhZWE0ZmNkZmQzYTA1NGQxZTMzIn0=", "expire_date": "2020-05-29T08:15:31.025Z"}}, {"model": "sessions.session", "pk": "50ean8vvf158wzbrxvpcrl3hha2eh28g", "fields": {"session_data": "NWFiNTA3YmJmYTAwZmYyNWQ1MGMyYzc1MjY3YjA0ZDJkMWFhNmFlODp7Il9hdXRoX3VzZXJfaWQiOiIzIiwiX2F1dGhfdXNlcl9iYWNrZW5kIjoiZGphbmdvLmNvbnRyaWIuYXV0aC5iYWNrZW5kcy5Nb2RlbEJhY2tlbmQiLCJfYXV0aF91c2VyX2hhc2giOiIwZWU3YTAyOWIzZDA0OTMwMDE5MjIzNjQ5ZTJhNjk0YmU3YWM2NTQzIn0=", "expire_date": "2020-05-02T07:41:07.458Z"}}, {"model": "sessions.session", "pk": "5poz44e5sxrbvmv8e8fenxqkmm6ndfgb", "fields": {"session_data": "YzE0YjYzOTQ4NjdiZWY4NmRjYjkwOGNiNzYxYWI2ZDEwZGY2MjUzMzp7Il9hdXRoX3VzZXJfaWQiOiI3IiwiX2F1dGhfdXNlcl9iYWNrZW5kIjoiZGphbmdvLmNvbnRyaWIuYXV0aC5iYWNrZW5kcy5Nb2RlbEJhY2tlbmQiLCJfYXV0aF91c2VyX2hhc2giOiIxNjhkY2FiY2U1ZWNhMzY2MDM4MGUwZjI4ZjljM2MwNmViZTdkN2ZjIn0=", "expire_date": "2020-05-01T04:06:53.097Z"}}, {"model": "sessions.session", "pk": "5q33j9nbfy6tsn6ssjoadpzodpyoknvd", "fields": {"session_data": "NGM3M2M5ZTFlOTMyNDIwMjI5N2U4NjE2MzRmZjJkMTE5ODkyOWQwZDp7Il9hdXRoX3VzZXJfaWQiOiIxIiwiX2F1dGhfdXNlcl9iYWNrZW5kIjoiZGphbmdvLmNvbnRyaWIuYXV0aC5iYWNrZW5kcy5Nb2RlbEJhY2tlbmQiLCJfYXV0aF91c2VyX2hhc2giOiI4YjA2OWM3MzViM2U5YWVjOGEwZGRhZWE0ZmNkZmQzYTA1NGQxZTMzIn0=", "expire_date": "2020-05-22T06:01:57.286Z"}}, {"model": "sessions.session", "pk": "6qgntbtk0i8fs85f03hdoji2g12je52r", "fields": {"session_data": "NTgwZjU5YzRkYzVmZTQ4ODRhMGM0NThiMjJhNTkzM2VmNjcwYTQ5ZTp7Il9hdXRoX3VzZXJfaWQiOiI0MCIsIl9hdXRoX3VzZXJfYmFja2VuZCI6ImRqYW5nby5jb250cmliLmF1dGguYmFja2VuZHMuTW9kZWxCYWNrZW5kIiwiX2F1dGhfdXNlcl9oYXNoIjoiOGVmZTk2MTUwOTFmNTQ3YzYyYzY4Y2I2ZGQxZjhiZTNlZWRhNGU0NSJ9", "expire_date": "2020-05-24T05:05:54.450Z"}}, {"model": "sessions.session", "pk": "6s9usmr8uvri7rd36v4l6hz9n6uu9hep", "fields": {"session_data": "NWFiNTA3YmJmYTAwZmYyNWQ1MGMyYzc1MjY3YjA0ZDJkMWFhNmFlODp7Il9hdXRoX3VzZXJfaWQiOiIzIiwiX2F1dGhfdXNlcl9iYWNrZW5kIjoiZGphbmdvLmNvbnRyaWIuYXV0aC5iYWNrZW5kcy5Nb2RlbEJhY2tlbmQiLCJfYXV0aF91c2VyX2hhc2giOiIwZWU3YTAyOWIzZDA0OTMwMDE5MjIzNjQ5ZTJhNjk0YmU3YWM2NTQzIn0=", "expire_date": "2020-05-12T11:22:46.932Z"}}, {"model": "sessions.session", "pk": "6x90106s3hm1w95efmyuozzkqjq1v8wu", "fields": {"session_data": "NTgwZjU5YzRkYzVmZTQ4ODRhMGM0NThiMjJhNTkzM2VmNjcwYTQ5ZTp7Il9hdXRoX3VzZXJfaWQiOiI0MCIsIl9hdXRoX3VzZXJfYmFja2VuZCI6ImRqYW5nby5jb250cmliLmF1dGguYmFja2VuZHMuTW9kZWxCYWNrZW5kIiwiX2F1dGhfdXNlcl9oYXNoIjoiOGVmZTk2MTUwOTFmNTQ3YzYyYzY4Y2I2ZGQxZjhiZTNlZWRhNGU0NSJ9", "expire_date": "2020-05-14T17:39:50.801Z"}}, {"model": "sessions.session", "pk": "73piqvmpfzfx7mq506q2zhrzmca4fblk", "fields": {"session_data": "NWFiNTA3YmJmYTAwZmYyNWQ1MGMyYzc1MjY3YjA0ZDJkMWFhNmFlODp7Il9hdXRoX3VzZXJfaWQiOiIzIiwiX2F1dGhfdXNlcl9iYWNrZW5kIjoiZGphbmdvLmNvbnRyaWIuYXV0aC5iYWNrZW5kcy5Nb2RlbEJhY2tlbmQiLCJfYXV0aF91c2VyX2hhc2giOiIwZWU3YTAyOWIzZDA0OTMwMDE5MjIzNjQ5ZTJhNjk0YmU3YWM2NTQzIn0=", "expire_date": "2020-05-01T16:37:07.728Z"}}, {"model": "sessions.session", "pk": "74y4s7uopl0hg52rqvcz0wxwgb6313pb", "fields": {"session_data": "NWFiNTA3YmJmYTAwZmYyNWQ1MGMyYzc1MjY3YjA0ZDJkMWFhNmFlODp7Il9hdXRoX3VzZXJfaWQiOiIzIiwiX2F1dGhfdXNlcl9iYWNrZW5kIjoiZGphbmdvLmNvbnRyaWIuYXV0aC5iYWNrZW5kcy5Nb2RlbEJhY2tlbmQiLCJfYXV0aF91c2VyX2hhc2giOiIwZWU3YTAyOWIzZDA0OTMwMDE5MjIzNjQ5ZTJhNjk0YmU3YWM2NTQzIn0=", "expire_date": "2020-05-28T04:25:20.261Z"}}, {"model": "sessions.session", "pk": "75edgtn8fuvggsohfxqbetw06vub18aw", "fields": {"session_data": "NWFiNTA3YmJmYTAwZmYyNWQ1MGMyYzc1MjY3YjA0ZDJkMWFhNmFlODp7Il9hdXRoX3VzZXJfaWQiOiIzIiwiX2F1dGhfdXNlcl9iYWNrZW5kIjoiZGphbmdvLmNvbnRyaWIuYXV0aC5iYWNrZW5kcy5Nb2RlbEJhY2tlbmQiLCJfYXV0aF91c2VyX2hhc2giOiIwZWU3YTAyOWIzZDA0OTMwMDE5MjIzNjQ5ZTJhNjk0YmU3YWM2NTQzIn0=", "expire_date": "2020-05-28T06:04:19.373Z"}}, {"model": "sessions.session", "pk": "8oas1ptd58lvp7iyo9ic70q8fl43g8s5", "fields": {"session_data": "NGM3M2M5ZTFlOTMyNDIwMjI5N2U4NjE2MzRmZjJkMTE5ODkyOWQwZDp7Il9hdXRoX3VzZXJfaWQiOiIxIiwiX2F1dGhfdXNlcl9iYWNrZW5kIjoiZGphbmdvLmNvbnRyaWIuYXV0aC5iYWNrZW5kcy5Nb2RlbEJhY2tlbmQiLCJfYXV0aF91c2VyX2hhc2giOiI4YjA2OWM3MzViM2U5YWVjOGEwZGRhZWE0ZmNkZmQzYTA1NGQxZTMzIn0=", "expire_date": "2020-04-30T16:26:24.865Z"}}, {"model": "sessions.session", "pk": "90c5io73ldrxf1kq4vvek9dio35jzwpg", "fields": {"session_data": "MzA3MmJhNzJlYjExM2M3ZjU0YTFlMzk3NjM3ZDk5ODRhMzI3YWJiZjp7Il9hdXRoX3VzZXJfaWQiOiIyIiwiX2F1dGhfdXNlcl9iYWNrZW5kIjoiZGphbmdvLmNvbnRyaWIuYXV0aC5iYWNrZW5kcy5Nb2RlbEJhY2tlbmQiLCJfYXV0aF91c2VyX2hhc2giOiIzZDM1N2M3MzNhOTYzMWQ3MzI3NGI3NTJmMTRmZTBhYjY4NTA5N2YxIn0=", "expire_date": "2020-06-06T16:19:35.223Z"}}, {"model": "sessions.session", "pk": "a2nmetjpw7r75jo8b0rj8n2q3h9cpv32", "fields": {"session_data": "NjIyMDVhOWZjNzAyYTE4YTllMjQ5MjAyYWFhMTA2OGE1ZDEyYmU3Yzp7Il9hdXRoX3VzZXJfaGFzaCI6IjhiMDY5YzczNWIzZTlhZWM4YTBkZGFlYTRmY2RmZDNhMDU0ZDFlMzMiLCJfYXV0aF91c2VyX2JhY2tlbmQiOiJkamFuZ28uY29udHJpYi5hdXRoLmJhY2tlbmRzLk1vZGVsQmFja2VuZCIsIl9hdXRoX3VzZXJfaWQiOiIxIn0=", "expire_date": "2020-05-22T00:20:37.801Z"}}, {"model": "sessions.session", "pk": "beld0vzpk94j6d5zhy761xiaujq5cd90", "fields": {"session_data": "NTgwZjU5YzRkYzVmZTQ4ODRhMGM0NThiMjJhNTkzM2VmNjcwYTQ5ZTp7Il9hdXRoX3VzZXJfaWQiOiI0MCIsIl9hdXRoX3VzZXJfYmFja2VuZCI6ImRqYW5nby5jb250cmliLmF1dGguYmFja2VuZHMuTW9kZWxCYWNrZW5kIiwiX2F1dGhfdXNlcl9oYXNoIjoiOGVmZTk2MTUwOTFmNTQ3YzYyYzY4Y2I2ZGQxZjhiZTNlZWRhNGU0NSJ9", "expire_date": "2020-05-24T05:05:53.504Z"}}, {"model": "sessions.session", "pk": "dgn5yxw2wlltkgwdzd62d06lnmn4v1p1", "fields": {"session_data": "MzA3MmJhNzJlYjExM2M3ZjU0YTFlMzk3NjM3ZDk5ODRhMzI3YWJiZjp7Il9hdXRoX3VzZXJfaWQiOiIyIiwiX2F1dGhfdXNlcl9iYWNrZW5kIjoiZGphbmdvLmNvbnRyaWIuYXV0aC5iYWNrZW5kcy5Nb2RlbEJhY2tlbmQiLCJfYXV0aF91c2VyX2hhc2giOiIzZDM1N2M3MzNhOTYzMWQ3MzI3NGI3NTJmMTRmZTBhYjY4NTA5N2YxIn0=", "expire_date": "2020-05-11T11:15:23.222Z"}}, {"model": "sessions.session", "pk": "ds1jw0fl99yilt6pwg9yd2h2t5erb8g2", "fields": {"session_data": "NWFiNTA3YmJmYTAwZmYyNWQ1MGMyYzc1MjY3YjA0ZDJkMWFhNmFlODp7Il9hdXRoX3VzZXJfaWQiOiIzIiwiX2F1dGhfdXNlcl9iYWNrZW5kIjoiZGphbmdvLmNvbnRyaWIuYXV0aC5iYWNrZW5kcy5Nb2RlbEJhY2tlbmQiLCJfYXV0aF91c2VyX2hhc2giOiIwZWU3YTAyOWIzZDA0OTMwMDE5MjIzNjQ5ZTJhNjk0YmU3YWM2NTQzIn0=", "expire_date": "2020-05-12T14:35:59.309Z"}}, {"model": "sessions.session", "pk": "dz53j5xkem9ojqs7velr5ddxnjrh43pp", "fields": {"session_data": "MzA3MmJhNzJlYjExM2M3ZjU0YTFlMzk3NjM3ZDk5ODRhMzI3YWJiZjp7Il9hdXRoX3VzZXJfaWQiOiIyIiwiX2F1dGhfdXNlcl9iYWNrZW5kIjoiZGphbmdvLmNvbnRyaWIuYXV0aC5iYWNrZW5kcy5Nb2RlbEJhY2tlbmQiLCJfYXV0aF91c2VyX2hhc2giOiIzZDM1N2M3MzNhOTYzMWQ3MzI3NGI3NTJmMTRmZTBhYjY4NTA5N2YxIn0=", "expire_date": "2020-05-10T11:30:47.020Z"}}, {"model": "sessions.session", "pk": "e9xbp3hiq17u4isjw3qc2wflzd3hmp4z", "fields": {"session_data": "ZGRmM2M1NmZkMTYyMmM4M2VjZDEwZmNjYzlkYjRiYTIyY2EyMWVhNDp7Il9hdXRoX3VzZXJfYmFja2VuZCI6ImRqYW5nby5jb250cmliLmF1dGguYmFja2VuZHMuTW9kZWxCYWNrZW5kIiwiX2F1dGhfdXNlcl9pZCI6IjIiLCJfYXV0aF91c2VyX2hhc2giOiIzZDM1N2M3MzNhOTYzMWQ3MzI3NGI3NTJmMTRmZTBhYjY4NTA5N2YxIn0=", "expire_date": "2020-06-03T17:19:46.566Z"}}, {"model": "sessions.session", "pk": "ea5zpmn8m3ovhn2m1glzy8pt8hrtyuix", "fields": {"session_data": "NWVjOWE4NDk4OTM4MjEzYzYyMGJhYzQ2MDg3MWMzNzM1NTRjZGIwNDp7Il9hdXRoX3VzZXJfYmFja2VuZCI6ImRqYW5nby5jb250cmliLmF1dGguYmFja2VuZHMuTW9kZWxCYWNrZW5kIiwiX2F1dGhfdXNlcl9oYXNoIjoiOGVmZTk2MTUwOTFmNTQ3YzYyYzY4Y2I2ZGQxZjhiZTNlZWRhNGU0NSIsIl9hdXRoX3VzZXJfaWQiOiI0MCJ9", "expire_date": "2020-05-08T10:40:43.496Z"}}, {"model": "sessions.session", "pk": "esbcsye94d08scctoe7eteake1p5l8em", "fields": {"session_data": "YzE0YjYzOTQ4NjdiZWY4NmRjYjkwOGNiNzYxYWI2ZDEwZGY2MjUzMzp7Il9hdXRoX3VzZXJfaWQiOiI3IiwiX2F1dGhfdXNlcl9iYWNrZW5kIjoiZGphbmdvLmNvbnRyaWIuYXV0aC5iYWNrZW5kcy5Nb2RlbEJhY2tlbmQiLCJfYXV0aF91c2VyX2hhc2giOiIxNjhkY2FiY2U1ZWNhMzY2MDM4MGUwZjI4ZjljM2MwNmViZTdkN2ZjIn0=", "expire_date": "2020-04-30T14:19:37.816Z"}}, {"model": "sessions.session", "pk": "j532xssdytpushg3xgp2ir9va59w6eag", "fields": {"session_data": "NWFiNTA3YmJmYTAwZmYyNWQ1MGMyYzc1MjY3YjA0ZDJkMWFhNmFlODp7Il9hdXRoX3VzZXJfaWQiOiIzIiwiX2F1dGhfdXNlcl9iYWNrZW5kIjoiZGphbmdvLmNvbnRyaWIuYXV0aC5iYWNrZW5kcy5Nb2RlbEJhY2tlbmQiLCJfYXV0aF91c2VyX2hhc2giOiIwZWU3YTAyOWIzZDA0OTMwMDE5MjIzNjQ5ZTJhNjk0YmU3YWM2NTQzIn0=", "expire_date": "2020-05-10T01:48:36.961Z"}}, {"model": "sessions.session", "pk": "jrkv8ywigjh6bwazpytdgoyxupdpo4hd", "fields": {"session_data": "NGM3M2M5ZTFlOTMyNDIwMjI5N2U4NjE2MzRmZjJkMTE5ODkyOWQwZDp7Il9hdXRoX3VzZXJfaWQiOiIxIiwiX2F1dGhfdXNlcl9iYWNrZW5kIjoiZGphbmdvLmNvbnRyaWIuYXV0aC5iYWNrZW5kcy5Nb2RlbEJhY2tlbmQiLCJfYXV0aF91c2VyX2hhc2giOiI4YjA2OWM3MzViM2U5YWVjOGEwZGRhZWE0ZmNkZmQzYTA1NGQxZTMzIn0=", "expire_date": "2020-05-12T11:37:58.507Z"}}, {"model": "sessions.session", "pk": "jscv7nvaho4ygr4c8re3dgk3nyx9b6gd", "fields": {"session_data": "NWFiNTA3YmJmYTAwZmYyNWQ1MGMyYzc1MjY3YjA0ZDJkMWFhNmFlODp7Il9hdXRoX3VzZXJfaWQiOiIzIiwiX2F1dGhfdXNlcl9iYWNrZW5kIjoiZGphbmdvLmNvbnRyaWIuYXV0aC5iYWNrZW5kcy5Nb2RlbEJhY2tlbmQiLCJfYXV0aF91c2VyX2hhc2giOiIwZWU3YTAyOWIzZDA0OTMwMDE5MjIzNjQ5ZTJhNjk0YmU3YWM2NTQzIn0=", "expire_date": "2020-05-06T11:19:14.070Z"}}, {"model": "sessions.session", "pk": "jsemmdkxho2xcke7ql2a2ciondgwkkzw", "fields": {"session_data": "NWFiNTA3YmJmYTAwZmYyNWQ1MGMyYzc1MjY3YjA0ZDJkMWFhNmFlODp7Il9hdXRoX3VzZXJfaWQiOiIzIiwiX2F1dGhfdXNlcl9iYWNrZW5kIjoiZGphbmdvLmNvbnRyaWIuYXV0aC5iYWNrZW5kcy5Nb2RlbEJhY2tlbmQiLCJfYXV0aF91c2VyX2hhc2giOiIwZWU3YTAyOWIzZDA0OTMwMDE5MjIzNjQ5ZTJhNjk0YmU3YWM2NTQzIn0=", "expire_date": "2020-06-08T02:06:03.614Z"}}, {"model": "sessions.session", "pk": "jv174m6g6x9s1ymiurobikbi832qr6ai", "fields": {"session_data": "NWFiNTA3YmJmYTAwZmYyNWQ1MGMyYzc1MjY3YjA0ZDJkMWFhNmFlODp7Il9hdXRoX3VzZXJfaWQiOiIzIiwiX2F1dGhfdXNlcl9iYWNrZW5kIjoiZGphbmdvLmNvbnRyaWIuYXV0aC5iYWNrZW5kcy5Nb2RlbEJhY2tlbmQiLCJfYXV0aF91c2VyX2hhc2giOiIwZWU3YTAyOWIzZDA0OTMwMDE5MjIzNjQ5ZTJhNjk0YmU3YWM2NTQzIn0=", "expire_date": "2020-05-03T11:13:27.359Z"}}, {"model": "sessions.session", "pk": "jxg68sqqliuasw91m5cchwndcztnurhf", "fields": {"session_data": "NTgwZjU5YzRkYzVmZTQ4ODRhMGM0NThiMjJhNTkzM2VmNjcwYTQ5ZTp7Il9hdXRoX3VzZXJfaWQiOiI0MCIsIl9hdXRoX3VzZXJfYmFja2VuZCI6ImRqYW5nby5jb250cmliLmF1dGguYmFja2VuZHMuTW9kZWxCYWNrZW5kIiwiX2F1dGhfdXNlcl9oYXNoIjoiOGVmZTk2MTUwOTFmNTQ3YzYyYzY4Y2I2ZGQxZjhiZTNlZWRhNGU0NSJ9", "expire_date": "2020-05-23T17:07:20.770Z"}}, {"model": "sessions.session", "pk": "k7wtg0d2rl3mgn1t9yed1x5nm72t5edo", "fields": {"session_data": "NGM3M2M5ZTFlOTMyNDIwMjI5N2U4NjE2MzRmZjJkMTE5ODkyOWQwZDp7Il9hdXRoX3VzZXJfaWQiOiIxIiwiX2F1dGhfdXNlcl9iYWNrZW5kIjoiZGphbmdvLmNvbnRyaWIuYXV0aC5iYWNrZW5kcy5Nb2RlbEJhY2tlbmQiLCJfYXV0aF91c2VyX2hhc2giOiI4YjA2OWM3MzViM2U5YWVjOGEwZGRhZWE0ZmNkZmQzYTA1NGQxZTMzIn0=", "expire_date": "2020-04-30T12:34:26.237Z"}}, {"model": "sessions.session", "pk": "kf0qxzh6l9p0ffc0qwcvtd6g6bwmhhto", "fields": {"session_data": "NWFiNTA3YmJmYTAwZmYyNWQ1MGMyYzc1MjY3YjA0ZDJkMWFhNmFlODp7Il9hdXRoX3VzZXJfaWQiOiIzIiwiX2F1dGhfdXNlcl9iYWNrZW5kIjoiZGphbmdvLmNvbnRyaWIuYXV0aC5iYWNrZW5kcy5Nb2RlbEJhY2tlbmQiLCJfYXV0aF91c2VyX2hhc2giOiIwZWU3YTAyOWIzZDA0OTMwMDE5MjIzNjQ5ZTJhNjk0YmU3YWM2NTQzIn0=", "expire_date": "2020-05-12T12:39:43.197Z"}}, {"model": "sessions.session", "pk": "klefozb6p7y8qjrw9w2hsbfl45hwotp7", "fields": {"session_data": "NDFlNDBiYjE3MzU2NzkxZmEyMTk2Y2MyOTRiZTE5ZDQ0MjUyYTlhMTp7Il9hdXRoX3VzZXJfaWQiOiI0MSIsIl9hdXRoX3VzZXJfYmFja2VuZCI6ImRqYW5nby5jb250cmliLmF1dGguYmFja2VuZHMuTW9kZWxCYWNrZW5kIiwiX2F1dGhfdXNlcl9oYXNoIjoiODVjZDM4MDQ3NDAyNjdkYWJlZTlmYzQ4NjQ1NDk5ZmFlYWY3OTNkYyJ9", "expire_date": "2020-05-03T16:13:40.080Z"}}, {"model": "sessions.session", "pk": "kt1n7fqiqcffl1lyc13ylgvoziy5irzv", "fields": {"session_data": "NGM3M2M5ZTFlOTMyNDIwMjI5N2U4NjE2MzRmZjJkMTE5ODkyOWQwZDp7Il9hdXRoX3VzZXJfaWQiOiIxIiwiX2F1dGhfdXNlcl9iYWNrZW5kIjoiZGphbmdvLmNvbnRyaWIuYXV0aC5iYWNrZW5kcy5Nb2RlbEJhY2tlbmQiLCJfYXV0aF91c2VyX2hhc2giOiI4YjA2OWM3MzViM2U5YWVjOGEwZGRhZWE0ZmNkZmQzYTA1NGQxZTMzIn0=", "expire_date": "2020-05-29T00:22:50.024Z"}}, {"model": "sessions.session", "pk": "l1ukurlqw9vtiwm4wf0wtrrz7r1aequl", "fields": {"session_data": "NWFiNTA3YmJmYTAwZmYyNWQ1MGMyYzc1MjY3YjA0ZDJkMWFhNmFlODp7Il9hdXRoX3VzZXJfaWQiOiIzIiwiX2F1dGhfdXNlcl9iYWNrZW5kIjoiZGphbmdvLmNvbnRyaWIuYXV0aC5iYWNrZW5kcy5Nb2RlbEJhY2tlbmQiLCJfYXV0aF91c2VyX2hhc2giOiIwZWU3YTAyOWIzZDA0OTMwMDE5MjIzNjQ5ZTJhNjk0YmU3YWM2NTQzIn0=", "expire_date": "2020-06-01T13:38:00.442Z"}}, {"model": "sessions.session", "pk": "l3juvpefrpxzry9088f2yny7wn2bq2jy", "fields": {"session_data": "MTY0ZGY5ZDRjNjA4MjYzMTlhMGYzYzk4NTk1MzdlYzcwMjdjZWI0ZDp7Il9hdXRoX3VzZXJfaWQiOiI0MCIsIl9hdXRoX3VzZXJfaGFzaCI6IjhlZmU5NjE1MDkxZjU0N2M2MmM2OGNiNmRkMWY4YmUzZWVkYTRlNDUiLCJfYXV0aF91c2VyX2JhY2tlbmQiOiJkamFuZ28uY29udHJpYi5hdXRoLmJhY2tlbmRzLk1vZGVsQmFja2VuZCJ9", "expire_date": "2020-05-01T09:55:51.561Z"}}, {"model": "sessions.session", "pk": "l4i6zw0rngcdh3mdhc33bz7bie5q12q0", "fields": {"session_data": "NTgwZjU5YzRkYzVmZTQ4ODRhMGM0NThiMjJhNTkzM2VmNjcwYTQ5ZTp7Il9hdXRoX3VzZXJfaWQiOiI0MCIsIl9hdXRoX3VzZXJfYmFja2VuZCI6ImRqYW5nby5jb250cmliLmF1dGguYmFja2VuZHMuTW9kZWxCYWNrZW5kIiwiX2F1dGhfdXNlcl9oYXNoIjoiOGVmZTk2MTUwOTFmNTQ3YzYyYzY4Y2I2ZGQxZjhiZTNlZWRhNGU0NSJ9", "expire_date": "2020-05-08T12:09:18.116Z"}}, {"model": "sessions.session", "pk": "l4wojpi4mh6t6rettz057tzzrh3mqbuj", "fields": {"session_data": "MzA3MmJhNzJlYjExM2M3ZjU0YTFlMzk3NjM3ZDk5ODRhMzI3YWJiZjp7Il9hdXRoX3VzZXJfaWQiOiIyIiwiX2F1dGhfdXNlcl9iYWNrZW5kIjoiZGphbmdvLmNvbnRyaWIuYXV0aC5iYWNrZW5kcy5Nb2RlbEJhY2tlbmQiLCJfYXV0aF91c2VyX2hhc2giOiIzZDM1N2M3MzNhOTYzMWQ3MzI3NGI3NTJmMTRmZTBhYjY4NTA5N2YxIn0=", "expire_date": "2020-04-30T16:23:08.972Z"}}, {"model": "sessions.session", "pk": "l5an10umt5watmgeeeoej6syqo2vwmjl", "fields": {"session_data": "NGM3M2M5ZTFlOTMyNDIwMjI5N2U4NjE2MzRmZjJkMTE5ODkyOWQwZDp7Il9hdXRoX3VzZXJfaWQiOiIxIiwiX2F1dGhfdXNlcl9iYWNrZW5kIjoiZGphbmdvLmNvbnRyaWIuYXV0aC5iYWNrZW5kcy5Nb2RlbEJhY2tlbmQiLCJfYXV0aF91c2VyX2hhc2giOiI4YjA2OWM3MzViM2U5YWVjOGEwZGRhZWE0ZmNkZmQzYTA1NGQxZTMzIn0=", "expire_date": "2020-05-11T08:31:19.508Z"}}, {"model": "sessions.session", "pk": "lgsnx2nwib590qd0u6dnb06eqtemvrj6", "fields": {"session_data": "NWFiNTA3YmJmYTAwZmYyNWQ1MGMyYzc1MjY3YjA0ZDJkMWFhNmFlODp7Il9hdXRoX3VzZXJfaWQiOiIzIiwiX2F1dGhfdXNlcl9iYWNrZW5kIjoiZGphbmdvLmNvbnRyaWIuYXV0aC5iYWNrZW5kcy5Nb2RlbEJhY2tlbmQiLCJfYXV0aF91c2VyX2hhc2giOiIwZWU3YTAyOWIzZDA0OTMwMDE5MjIzNjQ5ZTJhNjk0YmU3YWM2NTQzIn0=", "expire_date": "2020-05-30T12:44:23.883Z"}}, {"model": "sessions.session", "pk": "lilmie3s4qyhsjezgcgrh7mpanc24z85", "fields": {"session_data": "MmRiOGZiZjY4NDFhZmUzZjhkZjgzMDBmODNkNWIxMmVkNmEyZjMzYjp7Il9hdXRoX3VzZXJfaWQiOiI0MiIsIl9hdXRoX3VzZXJfYmFja2VuZCI6ImRqYW5nby5jb250cmliLmF1dGguYmFja2VuZHMuTW9kZWxCYWNrZW5kIiwiX2F1dGhfdXNlcl9oYXNoIjoiYjA5NjBlNzQzMDFjNTVhNmM3NGI5MzI2OTJlMjQyM2VkMjAyM2Y1OSJ9", "expire_date": "2020-05-14T05:43:54.615Z"}}, {"model": "sessions.session", "pk": "liushtsz85xsp8y16d6qkk7r1b6vcpi1", "fields": {"session_data": "MzA3MmJhNzJlYjExM2M3ZjU0YTFlMzk3NjM3ZDk5ODRhMzI3YWJiZjp7Il9hdXRoX3VzZXJfaWQiOiIyIiwiX2F1dGhfdXNlcl9iYWNrZW5kIjoiZGphbmdvLmNvbnRyaWIuYXV0aC5iYWNrZW5kcy5Nb2RlbEJhY2tlbmQiLCJfYXV0aF91c2VyX2hhc2giOiIzZDM1N2M3MzNhOTYzMWQ3MzI3NGI3NTJmMTRmZTBhYjY4NTA5N2YxIn0=", "expire_date": "2020-05-23T20:57:48.762Z"}}, {"model": "sessions.session", "pk": "m19mp4cutdlh2pd6wko2rl7a57e9vd7s", "fields": {"session_data": "MzA3MmJhNzJlYjExM2M3ZjU0YTFlMzk3NjM3ZDk5ODRhMzI3YWJiZjp7Il9hdXRoX3VzZXJfaWQiOiIyIiwiX2F1dGhfdXNlcl9iYWNrZW5kIjoiZGphbmdvLmNvbnRyaWIuYXV0aC5iYWNrZW5kcy5Nb2RlbEJhY2tlbmQiLCJfYXV0aF91c2VyX2hhc2giOiIzZDM1N2M3MzNhOTYzMWQ3MzI3NGI3NTJmMTRmZTBhYjY4NTA5N2YxIn0=", "expire_date": "2020-06-06T00:50:48.396Z"}}, {"model": "sessions.session", "pk": "mayq9rjb9gds31iedhpo5wrgx4ndmzqq", "fields": {"session_data": "MjgwN2YzYmQ5MWRlNWE3OGMxNWI3NTMyMmYwOGE2NDJlOTdiNzZlYTp7Il9hdXRoX3VzZXJfYmFja2VuZCI6ImRqYW5nby5jb250cmliLmF1dGguYmFja2VuZHMuTW9kZWxCYWNrZW5kIiwiX2F1dGhfdXNlcl9oYXNoIjoiOGIwNjljNzM1YjNlOWFlYzhhMGRkYWVhNGZjZGZkM2EwNTRkMWUzMyIsIl9hdXRoX3VzZXJfaWQiOiIxIn0=", "expire_date": "2020-05-21T18:10:48.908Z"}}, {"model": "sessions.session", "pk": "mcahoe2xwpdlvquc3urcdjgge4exy68t", "fields": {"session_data": "NWFiNTA3YmJmYTAwZmYyNWQ1MGMyYzc1MjY3YjA0ZDJkMWFhNmFlODp7Il9hdXRoX3VzZXJfaWQiOiIzIiwiX2F1dGhfdXNlcl9iYWNrZW5kIjoiZGphbmdvLmNvbnRyaWIuYXV0aC5iYWNrZW5kcy5Nb2RlbEJhY2tlbmQiLCJfYXV0aF91c2VyX2hhc2giOiIwZWU3YTAyOWIzZDA0OTMwMDE5MjIzNjQ5ZTJhNjk0YmU3YWM2NTQzIn0=", "expire_date": "2020-05-29T00:25:20.621Z"}}, {"model": "sessions.session", "pk": "mq4jtv8gur0pyo8hy3uc8jrkvyb5l1m4", "fields": {"session_data": "NzFmZDIwMTc5YTM5MGYxZmUxOWRjMTY4YjcwYmNiNjUyOTZiYjcyZDp7Il9hdXRoX3VzZXJfaWQiOiIxIiwiX2F1dGhfdXNlcl9oYXNoIjoiOGIwNjljNzM1YjNlOWFlYzhhMGRkYWVhNGZjZGZkM2EwNTRkMWUzMyIsIl9hdXRoX3VzZXJfYmFja2VuZCI6ImRqYW5nby5jb250cmliLmF1dGguYmFja2VuZHMuTW9kZWxCYWNrZW5kIn0=", "expire_date": "2020-05-01T07:33:16.519Z"}}, {"model": "sessions.session", "pk": "oacovc2bc51ldiey0wzuy3fep5fan80x", "fields": {"session_data": "ODYwNWMwNzQzOTQyNmQzYTA4NDIwOGUwOGEzMDM4ZmRmYjliMjg3NDp7Il9hdXRoX3VzZXJfaGFzaCI6IjhlZmU5NjE1MDkxZjU0N2M2MmM2OGNiNmRkMWY4YmUzZWVkYTRlNDUiLCJfYXV0aF91c2VyX2JhY2tlbmQiOiJkamFuZ28uY29udHJpYi5hdXRoLmJhY2tlbmRzLk1vZGVsQmFja2VuZCIsIl9hdXRoX3VzZXJfaWQiOiI0MCJ9", "expire_date": "2020-05-08T11:50:44.107Z"}}, {"model": "sessions.session", "pk": "pvaqnnb56o36bu3nqdm314545a0omosw", "fields": {"session_data": "MzA3MmJhNzJlYjExM2M3ZjU0YTFlMzk3NjM3ZDk5ODRhMzI3YWJiZjp7Il9hdXRoX3VzZXJfaWQiOiIyIiwiX2F1dGhfdXNlcl9iYWNrZW5kIjoiZGphbmdvLmNvbnRyaWIuYXV0aC5iYWNrZW5kcy5Nb2RlbEJhY2tlbmQiLCJfYXV0aF91c2VyX2hhc2giOiIzZDM1N2M3MzNhOTYzMWQ3MzI3NGI3NTJmMTRmZTBhYjY4NTA5N2YxIn0=", "expire_date": "2020-06-03T06:39:47.313Z"}}, {"model": "sessions.session", "pk": "qhc6uvfavfnmi2er5amijk80atq597ny", "fields": {"session_data": "NTgwZjU5YzRkYzVmZTQ4ODRhMGM0NThiMjJhNTkzM2VmNjcwYTQ5ZTp7Il9hdXRoX3VzZXJfaWQiOiI0MCIsIl9hdXRoX3VzZXJfYmFja2VuZCI6ImRqYW5nby5jb250cmliLmF1dGguYmFja2VuZHMuTW9kZWxCYWNrZW5kIiwiX2F1dGhfdXNlcl9oYXNoIjoiOGVmZTk2MTUwOTFmNTQ3YzYyYzY4Y2I2ZGQxZjhiZTNlZWRhNGU0NSJ9", "expire_date": "2020-05-26T15:43:56.223Z"}}, {"model": "sessions.session", "pk": "sj0v4utts49yom0vdv7011f7fh6lyrkh", "fields": {"session_data": "NWFiNTA3YmJmYTAwZmYyNWQ1MGMyYzc1MjY3YjA0ZDJkMWFhNmFlODp7Il9hdXRoX3VzZXJfaWQiOiIzIiwiX2F1dGhfdXNlcl9iYWNrZW5kIjoiZGphbmdvLmNvbnRyaWIuYXV0aC5iYWNrZW5kcy5Nb2RlbEJhY2tlbmQiLCJfYXV0aF91c2VyX2hhc2giOiIwZWU3YTAyOWIzZDA0OTMwMDE5MjIzNjQ5ZTJhNjk0YmU3YWM2NTQzIn0=", "expire_date": "2020-05-14T01:17:02.939Z"}}, {"model": "sessions.session", "pk": "sqkcwy1b9u10f6xgp9r6rudwf94lymmc", "fields": {"session_data": "NWFiNTA3YmJmYTAwZmYyNWQ1MGMyYzc1MjY3YjA0ZDJkMWFhNmFlODp7Il9hdXRoX3VzZXJfaWQiOiIzIiwiX2F1dGhfdXNlcl9iYWNrZW5kIjoiZGphbmdvLmNvbnRyaWIuYXV0aC5iYWNrZW5kcy5Nb2RlbEJhY2tlbmQiLCJfYXV0aF91c2VyX2hhc2giOiIwZWU3YTAyOWIzZDA0OTMwMDE5MjIzNjQ5ZTJhNjk0YmU3YWM2NTQzIn0=", "expire_date": "2020-05-10T02:55:30.476Z"}}, {"model": "sessions.session", "pk": "stohyrtqxlg3p6fxrrn6ds5xc1m12jmg", "fields": {"session_data": "MzA3MmJhNzJlYjExM2M3ZjU0YTFlMzk3NjM3ZDk5ODRhMzI3YWJiZjp7Il9hdXRoX3VzZXJfaWQiOiIyIiwiX2F1dGhfdXNlcl9iYWNrZW5kIjoiZGphbmdvLmNvbnRyaWIuYXV0aC5iYWNrZW5kcy5Nb2RlbEJhY2tlbmQiLCJfYXV0aF91c2VyX2hhc2giOiIzZDM1N2M3MzNhOTYzMWQ3MzI3NGI3NTJmMTRmZTBhYjY4NTA5N2YxIn0=", "expire_date": "2020-05-14T17:29:59.758Z"}}, {"model": "sessions.session", "pk": "szejj3kuslm5cvgp6f8v823qmxgerrh0", "fields": {"session_data": "NWFiNTA3YmJmYTAwZmYyNWQ1MGMyYzc1MjY3YjA0ZDJkMWFhNmFlODp7Il9hdXRoX3VzZXJfaWQiOiIzIiwiX2F1dGhfdXNlcl9iYWNrZW5kIjoiZGphbmdvLmNvbnRyaWIuYXV0aC5iYWNrZW5kcy5Nb2RlbEJhY2tlbmQiLCJfYXV0aF91c2VyX2hhc2giOiIwZWU3YTAyOWIzZDA0OTMwMDE5MjIzNjQ5ZTJhNjk0YmU3YWM2NTQzIn0=", "expire_date": "2020-05-03T11:25:20.846Z"}}, {"model": "sessions.session", "pk": "uowdxjo6f5nm4u648fun5nt917x7zkyc", "fields": {"session_data": "NzFmZDIwMTc5YTM5MGYxZmUxOWRjMTY4YjcwYmNiNjUyOTZiYjcyZDp7Il9hdXRoX3VzZXJfaWQiOiIxIiwiX2F1dGhfdXNlcl9oYXNoIjoiOGIwNjljNzM1YjNlOWFlYzhhMGRkYWVhNGZjZGZkM2EwNTRkMWUzMyIsIl9hdXRoX3VzZXJfYmFja2VuZCI6ImRqYW5nby5jb250cmliLmF1dGguYmFja2VuZHMuTW9kZWxCYWNrZW5kIn0=", "expire_date": "2020-04-29T17:06:22.810Z"}}, {"model": "sessions.session", "pk": "wxx6lsod1mks2b6fkqjf3uq65obqxs39", "fields": {"session_data": "NTgwZjU5YzRkYzVmZTQ4ODRhMGM0NThiMjJhNTkzM2VmNjcwYTQ5ZTp7Il9hdXRoX3VzZXJfaWQiOiI0MCIsIl9hdXRoX3VzZXJfYmFja2VuZCI6ImRqYW5nby5jb250cmliLmF1dGguYmFja2VuZHMuTW9kZWxCYWNrZW5kIiwiX2F1dGhfdXNlcl9oYXNoIjoiOGVmZTk2MTUwOTFmNTQ3YzYyYzY4Y2I2ZGQxZjhiZTNlZWRhNGU0NSJ9", "expire_date": "2020-05-22T12:27:23.500Z"}}, {"model": "sessions.session", "pk": "xb1yku182apl5qi926a4efsjms0yssl0", "fields": {"session_data": "NWFiNTA3YmJmYTAwZmYyNWQ1MGMyYzc1MjY3YjA0ZDJkMWFhNmFlODp7Il9hdXRoX3VzZXJfaWQiOiIzIiwiX2F1dGhfdXNlcl9iYWNrZW5kIjoiZGphbmdvLmNvbnRyaWIuYXV0aC5iYWNrZW5kcy5Nb2RlbEJhY2tlbmQiLCJfYXV0aF91c2VyX2hhc2giOiIwZWU3YTAyOWIzZDA0OTMwMDE5MjIzNjQ5ZTJhNjk0YmU3YWM2NTQzIn0=", "expire_date": "2020-05-01T16:27:06.396Z"}}, {"model": "sessions.session", "pk": "xwwzxxwfwc8gyagp6wd6lmuug3h2h8hu", "fields": {"session_data": "NTgwZjU5YzRkYzVmZTQ4ODRhMGM0NThiMjJhNTkzM2VmNjcwYTQ5ZTp7Il9hdXRoX3VzZXJfaWQiOiI0MCIsIl9hdXRoX3VzZXJfYmFja2VuZCI6ImRqYW5nby5jb250cmliLmF1dGguYmFja2VuZHMuTW9kZWxCYWNrZW5kIiwiX2F1dGhfdXNlcl9oYXNoIjoiOGVmZTk2MTUwOTFmNTQ3YzYyYzY4Y2I2ZGQxZjhiZTNlZWRhNGU0NSJ9", "expire_date": "2020-05-24T05:09:33.200Z"}}, {"model": "sessions.session", "pk": "y89jqlsvbw80ujcv1r5f1t6lgt6rgced", "fields": {"session_data": "NTgwZjU5YzRkYzVmZTQ4ODRhMGM0NThiMjJhNTkzM2VmNjcwYTQ5ZTp7Il9hdXRoX3VzZXJfaWQiOiI0MCIsIl9hdXRoX3VzZXJfYmFja2VuZCI6ImRqYW5nby5jb250cmliLmF1dGguYmFja2VuZHMuTW9kZWxCYWNrZW5kIiwiX2F1dGhfdXNlcl9oYXNoIjoiOGVmZTk2MTUwOTFmNTQ3YzYyYzY4Y2I2ZGQxZjhiZTNlZWRhNGU0NSJ9", "expire_date": "2020-05-18T06:25:03.106Z"}}, {"model": "sessions.session", "pk": "za5l98m0xyu7xitcth7u5epcm6e2d9wu", "fields": {"session_data": "NGM3M2M5ZTFlOTMyNDIwMjI5N2U4NjE2MzRmZjJkMTE5ODkyOWQwZDp7Il9hdXRoX3VzZXJfaWQiOiIxIiwiX2F1dGhfdXNlcl9iYWNrZW5kIjoiZGphbmdvLmNvbnRyaWIuYXV0aC5iYWNrZW5kcy5Nb2RlbEJhY2tlbmQiLCJfYXV0aF91c2VyX2hhc2giOiI4YjA2OWM3MzViM2U5YWVjOGEwZGRhZWE0ZmNkZmQzYTA1NGQxZTMzIn0=", "expire_date": "2020-05-13T14:15:40.018Z"}}, {"model": "sessions.session", "pk": "ztqesk4ef1je8nuksvs8uizf1yhtu0cw", "fields": {"session_data": "NWFiNTA3YmJmYTAwZmYyNWQ1MGMyYzc1MjY3YjA0ZDJkMWFhNmFlODp7Il9hdXRoX3VzZXJfaWQiOiIzIiwiX2F1dGhfdXNlcl9iYWNrZW5kIjoiZGphbmdvLmNvbnRyaWIuYXV0aC5iYWNrZW5kcy5Nb2RlbEJhY2tlbmQiLCJfYXV0aF91c2VyX2hhc2giOiIwZWU3YTAyOWIzZDA0OTMwMDE5MjIzNjQ5ZTJhNjk0YmU3YWM2NTQzIn0=", "expire_date": "2020-06-08T00:19:19.161Z"}}, {"model": "sessions.session", "pk": "zx9cr1cqzmfwbt5s70s4k8m7bc8307r2", "fields": {"session_data": "NWFiNTA3YmJmYTAwZmYyNWQ1MGMyYzc1MjY3YjA0ZDJkMWFhNmFlODp7Il9hdXRoX3VzZXJfaWQiOiIzIiwiX2F1dGhfdXNlcl9iYWNrZW5kIjoiZGphbmdvLmNvbnRyaWIuYXV0aC5iYWNrZW5kcy5Nb2RlbEJhY2tlbmQiLCJfYXV0aF91c2VyX2hhc2giOiIwZWU3YTAyOWIzZDA0OTMwMDE5MjIzNjQ5ZTJhNjk0YmU3YWM2NTQzIn0=", "expire_date": "2020-05-30T12:40:56.761Z"}}, {"model": "auth.permission", "pk": 37, "fields": {"name": "Can add attempt", "content_type": 13, "codename": "add_attempt"}}, {"model": "auth.permission", "pk": 38, "fields": {"name": "Can change attempt", "content_type": 13, "codename": "change_attempt"}}, {"model": "auth.permission", "pk": 39, "fields": {"name": "Can delete attempt", "content_type": 13, "codename": "delete_attempt"}}, {"model": "auth.permission", "pk": 40, "fields": {"name": "Can view attempt", "content_type": 13, "codename": "view_attempt"}}, {"model": "auth.permission", "pk": 41, "fields": {"name": "Can add profile", "content_type": 11, "codename": "add_profile"}}, {"model": "auth.permission", "pk": 42, "fields": {"name": "Can change profile", "content_type": 11, "codename": "change_profile"}}, {"model": "auth.permission", "pk": 43, "fields": {"name": "Can delete profile", "content_type": 11, "codename": "delete_profile"}}, {"model": "auth.permission", "pk": 44, "fields": {"name": "Can view profile", "content_type": 11, "codename": "view_profile"}}, {"model": "auth.permission", "pk": 45, "fields": {"name": "Can add paper", "content_type": 12, "codename": "add_paper"}}, {"model": "auth.permission", "pk": 46, "fields": {"name": "Can change paper", "content_type": 12, "codename": "change_paper"}}, {"model": "auth.permission", "pk": 47, "fields": {"name": "Can delete paper", "content_type": 12, "codename": "delete_paper"}}, {"model": "auth.permission", "pk": 48, "fields": {"name": "Can view paper", "content_type": 12, "codename": "view_paper"}}, {"model": "auth.permission", "pk": 49, "fields": {"name": "Can add log entry", "content_type": 14, "codename": "add_logentry"}}, {"model": "auth.permission", "pk": 50, "fields": {"name": "Can change log entry", "content_type": 14, "codename": "change_logentry"}}, {"model": "auth.permission", "pk": 51, "fields": {"name": "Can delete log entry", "content_type": 14, "codename": "delete_logentry"}}, {"model": "auth.permission", "pk": 52, "fields": {"name": "Can view log entry", "content_type": 14, "codename": "view_logentry"}}, {"model": "auth.permission", "pk": 53, "fields": {"name": "Can add group", "content_type": 15, "codename": "add_group"}}, {"model": "auth.permission", "pk": 54, "fields": {"name": "Can change group", "content_type": 15, "codename": "change_group"}}, {"model": "auth.permission", "pk": 55, "fields": {"name": "Can delete group", "content_type": 15, "codename": "delete_group"}}, {"model": "auth.permission", "pk": 56, "fields": {"name": "Can view group", "content_type": 15, "codename": "view_group"}}, {"model": "auth.permission", "pk": 57, "fields": {"name": "Can add user", "content_type": 10, "codename": "add_user"}}, {"model": "auth.permission", "pk": 58, "fields": {"name": "Can change user", "content_type": 10, "codename": "change_user"}}, {"model": "auth.permission", "pk": 59, "fields": {"name": "Can delete user", "content_type": 10, "codename": "delete_user"}}, {"model": "auth.permission", "pk": 60, "fields": {"name": "Can view user", "content_type": 10, "codename": "view_user"}}, {"model": "auth.permission", "pk": 61, "fields": {"name": "Can add permission", "content_type": 16, "codename": "add_permission"}}, {"model": "auth.permission", "pk": 62, "fields": {"name": "Can change permission", "content_type": 16, "codename": "change_permission"}}, {"model": "auth.permission", "pk": 63, "fields": {"name": "Can delete permission", "content_type": 16, "codename": "delete_permission"}}, {"model": "auth.permission", "pk": 64, "fields": {"name": "Can view permission", "content_type": 16, "codename": "view_permission"}}, {"model": "auth.permission", "pk": 65, "fields": {"name": "Can add content type", "content_type": 17, "codename": "add_contenttype"}}, {"model": "auth.permission", "pk": 66, "fields": {"name": "Can change content type", "content_type": 17, "codename": "change_contenttype"}}, {"model": "auth.permission", "pk": 67, "fields": {"name": "Can delete content type", "content_type": 17, "codename": "delete_contenttype"}}, {"model": "auth.permission", "pk": 68, "fields": {"name": "Can view content type", "content_type": 17, "codename": "view_contenttype"}}, {"model": "auth.permission", "pk": 69, "fields": {"name": "Can add session", "content_type": 18, "codename": "add_session"}}, {"model": "auth.permission", "pk": 70, "fields": {"name": "Can change session", "content_type": 18, "codename": "change_session"}}, {"model": "auth.permission", "pk": 71, "fields": {"name": "Can delete session", "content_type": 18, "codename": "delete_session"}}, {"model": "auth.permission", "pk": 72, "fields": {"name": "Can view session", "content_type": 18, "codename": "view_session"}}, {"model": "auth.user", "pk": 1, "fields": {"password": "pbkdf2_sha256$120000$s3j0SslYMDaA$K90ZFJJ1AQRZuGd6Nit80EbLVCpn+yvR4IPBXD+36X4=", "last_login": "2020-05-23T12:22:21.602Z", "is_superuser": true, "username": "abhisaini", "first_name": "", "last_name": "", "email": "abhisni@iitk.ac.in", "is_staff": true, "is_active": true, "date_joined": "2020-04-15T17:01:53.655Z", "groups": [], "user_permissions": []}}, {"model": "auth.user", "pk": 2, "fields": {"password": "pbkdf2_sha256$120000$PgzqCIIaArJb$ywjkGzIHzmmA+6d5lhHszSxAEJmOatZMbpYWdiFpiKw=", "last_login": "2020-05-23T16:19:35.209Z", "is_superuser": false, "username": "abhi_saini", "first_name": "Abhishek", "last_name": "Saini", "email": "", "is_staff": false, "is_active": true, "date_joined": "2020-04-16T05:38:33.840Z", "groups": [], "user_permissions": []}}, {"model": "auth.user", "pk": 3, "fields": {"password": "pbkdf2_sha256$120000$rnyZXlCoRNLh$rPTHYWhEwwCQYLbk3OEccbzTu8GA3amzNe7Lovt9784=", "last_login": "2020-05-25T04:07:39.246Z", "is_superuser": false, "username": "rishabh", "first_name": "Rishabh", "last_name": "Saini", "email": "", "is_staff": false, "is_active": true, "date_joined": "2020-04-16T05:45:31.051Z", "groups": [], "user_permissions": []}}, {"model": "auth.user", "pk": 4, "fields": {"password": "pbkdf2_sha256$120000$02ID6f95AVHh$wPqH+JzMVIB2HppXtdG41KhyfiQXc3r7sWRPdUFJUms=", "last_login": "2020-04-16T12:16:58.791Z", "is_superuser": false, "username": "Qwerty", "first_name": "Fhfnh", "last_name": "Et7ffh", "email": "", "is_staff": false, "is_active": true, "date_joined": "2020-04-16T12:16:58.528Z", "groups": [], "user_permissions": []}}, {"model": "auth.user", "pk": 5, "fields": {"password": "pbkdf2_sha256$120000$uOeIcksI41DR$QR8Wb/PPV7fY+0/C9QfSDUiFp9fChCpWgTQlGm9/UWQ=", "last_login": "2020-04-16T13:31:30.456Z", "is_superuser": false, "username": "Devil", "first_name": "Vikas", "last_name": "Saini", "email": "", "is_staff": false, "is_active": true, "date_joined": "2020-04-16T13:27:08.075Z", "groups": [], "user_permissions": []}}, {"model": "auth.user", "pk": 6, "fields": {"password": "pbkdf2_sha256$120000$gXNe6uzOmEPV$bePSdRfawmwujbvEFsMtV59xu+gOChJocUaXEargZbA=", "last_login": "2020-04-16T17:26:01.038Z", "is_superuser": false, "username": "Test", "first_name": "Test", "last_name": "Test", "email": "", "is_staff": false, "is_active": true, "date_joined": "2020-04-16T13:38:51.517Z", "groups": [], "user_permissions": []}}, {"model": "auth.user", "pk": 7, "fields": {"password": "pbkdf2_sha256$120000$uGUhFzhfUCfo$2kg3v4zUzhOVZZB/OE/Q/wlyJTDBzYkUQ8HT04k/pw8=", "last_login": "2020-04-17T04:06:53.085Z", "is_superuser": false, "username": "2025ankit", "first_name": "Ankit", "last_name": "Kumar", "email": "", "is_staff": false, "is_active": true, "date_joined": "2020-04-16T14:19:37.624Z", "groups": [], "user_permissions": []}}, {"model": "auth.user", "pk": 40, "fields": {"password": "pbkdf2_sha256$120000$iFgba0t8p8Ib$jFJDAxdtRNS0C9krq6SRKWTRyY7dlaefoXjIB9aNCYs=", "last_login": "2020-05-18T13:29:28.862Z", "is_superuser": false, "username": "test", "first_name": "Test", "last_name": "Test", "email": "", "is_staff": false, "is_active": true, "date_joined": "2020-04-17T05:03:06.711Z", "groups": [], "user_permissions": []}}, {"model": "auth.user", "pk": 41, "fields": {"password": "pbkdf2_sha256$120000$EBAtGzoaS1Xr$aMGjb6+sNyjaGShQDBrFWKFIuzX5ubsGfGiyTtcECzA=", "last_login": "2020-04-19T16:13:40.071Z", "is_superuser": false, "username": "Soni", "first_name": "Vinayak", "last_name": "Soni", "email": "", "is_staff": false, "is_active": true, "date_joined": "2020-04-19T16:13:39.880Z", "groups": [], "user_permissions": []}}, {"model": "auth.user", "pk": 42, "fields": {"password": "pbkdf2_sha256$120000$Z4ZzTtUNJdrZ$2EbQEH6LPQKvz1wg97iR6219BT39qFIcUeesIzH/6JY=", "last_login": "2020-04-30T05:43:54.606Z", "is_superuser": false, "username": "abhilauda", "first_name": "Lauda", "last_name": "Saini", "email": "", "is_staff": false, "is_active": true, "date_joined": "2020-04-30T05:43:54.468Z", "groups": [], "user_permissions": []}}, {"model": "admin.logentry", "pk": 1, "fields": {"action_time": "2020-04-16T05:37:34.294Z", "user": 1, "content_type": 11, "object_id": "13", "object_repr": "Profile object (13)", "action_flag": 2, "change_message": "[{\"changed\": {\"fields\": [\"u_type\"]}}]"}}, {"model": "admin.logentry", "pk": 2, "fields": {"action_time": "2020-04-16T09:23:26.462Z", "user": 1, "content_type": 12, "object_id": "1", "object_repr": "Paper object (1)", "action_flag": 2, "change_message": "[{\"changed\": {\"fields\": [\"name\", \"description\"]}}]"}}, {"model": "admin.logentry", "pk": 3, "fields": {"action_time": "2020-04-16T15:13:28.943Z", "user": 1, "content_type": 12, "object_id": "4", "object_repr": "Paper object (4)", "action_flag": 2, "change_message": "[{\"changed\": {\"fields\": [\"syllabus\", \"description\", \"duration\"]}}]"}}, {"model": "admin.logentry", "pk": 36, "fields": {"action_time": "2020-04-17T07:38:57.061Z", "user": 1, "content_type": 12, "object_id": "4", "object_repr": "Paper object (4)", "action_flag": 2, "change_message": "[{\"changed\": {\"fields\": [\"soln_file\"]}}]"}}, {"model": "admin.logentry", "pk": 37, "fields": {"action_time": "2020-04-17T07:42:20.921Z", "user": 1, "content_type": 12, "object_id": "3", "object_repr": "Paper object (3)", "action_flag": 2, "change_message": "[{\"changed\": {\"fields\": [\"qpaper_file\", \"soln_file\", \"description\"]}}]"}}, {"model": "admin.logentry", "pk": 38, "fields": {"action_time": "2020-04-17T07:44:26.207Z", "user": 1, "content_type": 12, "object_id": "2", "object_repr": "Paper object (2)", "action_flag": 2, "change_message": "[{\"changed\": {\"fields\": [\"qpaper_file\", \"soln_file\", \"description\"]}}]"}}, {"model": "admin.logentry", "pk": 39, "fields": {"action_time": "2020-04-17T07:49:48.743Z", "user": 1, "content_type": 12, "object_id": "1", "object_repr": "Paper object (1)", "action_flag": 2, "change_message": "[{\"changed\": {\"fields\": [\"qpaper_file\", \"soln_file\"]}}]"}}, {"model": "admin.logentry", "pk": 40, "fields": {"action_time": "2020-04-17T07:55:46.830Z", "user": 1, "content_type": 12, "object_id": "37", "object_repr": "Paper object (37)", "action_flag": 3, "change_message": ""}}, {"model": "admin.logentry", "pk": 41, "fields": {"action_time": "2020-04-17T07:59:13.948Z", "user": 1, "content_type": 12, "object_id": "38", "object_repr": "Paper object (38)", "action_flag": 3, "change_message": ""}}, {"model": "admin.logentry", "pk": 42, "fields": {"action_time": "2020-04-17T16:47:05.392Z", "user": 1, "content_type": 12, "object_id": "39", "object_repr": "Paper object (39)", "action_flag": 2, "change_message": "[{\"changed\": {\"fields\": [\"soln_file\", \"description\"]}}]"}}, {"model": "admin.logentry", "pk": 43, "fields": {"action_time": "2020-04-19T11:27:32.203Z", "user": 1, "content_type": 12, "object_id": "41", "object_repr": "Paper object (41)", "action_flag": 2, "change_message": "[{\"changed\": {\"fields\": [\"qpaper_file\", \"soln_file\", \"description\"]}}]"}}, {"model": "admin.logentry", "pk": 44, "fields": {"action_time": "2020-04-19T13:38:04.665Z", "user": 1, "content_type": 12, "object_id": "41", "object_repr": "Paper object (41)", "action_flag": 2, "change_message": "[{\"changed\": {\"fields\": [\"duration\"]}}]"}}, {"model": "admin.logentry", "pk": 45, "fields": {"action_time": "2020-04-19T15:30:10.534Z", "user": 1, "content_type": 12, "object_id": "41", "object_repr": "Paper object (41)", "action_flag": 2, "change_message": "[{\"changed\": {\"fields\": [\"duration\"]}}]"}}, {"model": "admin.logentry", "pk": 46, "fields": {"action_time": "2020-04-19T15:32:41.350Z", "user": 1, "content_type": 12, "object_id": "41", "object_repr": "Paper object (41)", "action_flag": 2, "change_message": "[{\"changed\": {\"fields\": [\"duration\"]}}]"}}, {"model": "admin.logentry", "pk": 47, "fields": {"action_time": "2020-04-23T04:22:41.056Z", "user": 1, "content_type": 13, "object_id": "83", "object_repr": "Attempt object (83)", "action_flag": 3, "change_message": ""}}, {"model": "admin.logentry", "pk": 48, "fields": {"action_time": "2020-04-23T04:22:41.066Z", "user": 1, "content_type": 13, "object_id": "82", "object_repr": "Attempt object (82)", "action_flag": 3, "change_message": ""}}, {"model": "admin.logentry", "pk": 49, "fields": {"action_time": "2020-04-23T04:22:41.071Z", "user": 1, "content_type": 13, "object_id": "81", "object_repr": "Attempt object (81)", "action_flag": 3, "change_message": ""}}, {"model": "admin.logentry", "pk": 50, "fields": {"action_time": "2020-04-23T04:22:41.075Z", "user": 1, "content_type": 13, "object_id": "80", "object_repr": "Attempt object (80)", "action_flag": 3, "change_message": ""}}, {"model": "admin.logentry", "pk": 51, "fields": {"action_time": "2020-04-23T04:22:41.080Z", "user": 1, "content_type": 13, "object_id": "79", "object_repr": "Attempt object (79)", "action_flag": 3, "change_message": ""}}, {"model": "admin.logentry", "pk": 52, "fields": {"action_time": "2020-04-23T04:22:41.084Z", "user": 1, "content_type": 13, "object_id": "78", "object_repr": "Attempt object (78)", "action_flag": 3, "change_message": ""}}, {"model": "admin.logentry", "pk": 53, "fields": {"action_time": "2020-04-23T04:22:41.089Z", "user": 1, "content_type": 13, "object_id": "77", "object_repr": "Attempt object (77)", "action_flag": 3, "change_message": ""}}, {"model": "admin.logentry", "pk": 54, "fields": {"action_time": "2020-04-23T04:22:41.093Z", "user": 1, "content_type": 13, "object_id": "76", "object_repr": "Attempt object (76)", "action_flag": 3, "change_message": ""}}, {"model": "admin.logentry", "pk": 55, "fields": {"action_time": "2020-04-23T04:22:41.097Z", "user": 1, "content_type": 13, "object_id": "75", "object_repr": "Attempt object (75)", "action_flag": 3, "change_message": ""}}, {"model": "admin.logentry", "pk": 56, "fields": {"action_time": "2020-04-23T04:22:41.102Z", "user": 1, "content_type": 13, "object_id": "74", "object_repr": "Attempt object (74)", "action_flag": 3, "change_message": ""}}, {"model": "admin.logentry", "pk": 57, "fields": {"action_time": "2020-04-23T04:22:41.106Z", "user": 1, "content_type": 13, "object_id": "73", "object_repr": "Attempt object (73)", "action_flag": 3, "change_message": ""}}, {"model": "admin.logentry", "pk": 58, "fields": {"action_time": "2020-04-23T04:22:41.111Z", "user": 1, "content_type": 13, "object_id": "72", "object_repr": "Attempt object (72)", "action_flag": 3, "change_message": ""}}, {"model": "admin.logentry", "pk": 59, "fields": {"action_time": "2020-04-23T04:22:41.116Z", "user": 1, "content_type": 13, "object_id": "71", "object_repr": "Attempt object (71)", "action_flag": 3, "change_message": ""}}, {"model": "admin.logentry", "pk": 60, "fields": {"action_time": "2020-04-23T04:22:41.120Z", "user": 1, "content_type": 13, "object_id": "70", "object_repr": "Attempt object (70)", "action_flag": 3, "change_message": ""}}, {"model": "admin.logentry", "pk": 61, "fields": {"action_time": "2020-04-23T04:22:41.125Z", "user": 1, "content_type": 13, "object_id": "69", "object_repr": "Attempt object (69)", "action_flag": 3, "change_message": ""}}, {"model": "admin.logentry", "pk": 62, "fields": {"action_time": "2020-04-23T04:22:41.130Z", "user": 1, "content_type": 13, "object_id": "68", "object_repr": "Attempt object (68)", "action_flag": 3, "change_message": ""}}, {"model": "admin.logentry", "pk": 63, "fields": {"action_time": "2020-04-23T04:22:41.134Z", "user": 1, "content_type": 13, "object_id": "67", "object_repr": "Attempt object (67)", "action_flag": 3, "change_message": ""}}, {"model": "admin.logentry", "pk": 64, "fields": {"action_time": "2020-04-23T04:22:41.139Z", "user": 1, "content_type": 13, "object_id": "66", "object_repr": "Attempt object (66)", "action_flag": 3, "change_message": ""}}, {"model": "admin.logentry", "pk": 65, "fields": {"action_time": "2020-04-23T04:22:41.144Z", "user": 1, "content_type": 13, "object_id": "65", "object_repr": "Attempt object (65)", "action_flag": 3, "change_message": ""}}, {"model": "admin.logentry", "pk": 66, "fields": {"action_time": "2020-04-23T04:22:41.149Z", "user": 1, "content_type": 13, "object_id": "64", "object_repr": "Attempt object (64)", "action_flag": 3, "change_message": ""}}, {"model": "admin.logentry", "pk": 67, "fields": {"action_time": "2020-04-23T04:22:41.153Z", "user": 1, "content_type": 13, "object_id": "63", "object_repr": "Attempt object (63)", "action_flag": 3, "change_message": ""}}, {"model": "admin.logentry", "pk": 68, "fields": {"action_time": "2020-04-23T04:22:41.158Z", "user": 1, "content_type": 13, "object_id": "62", "object_repr": "Attempt object (62)", "action_flag": 3, "change_message": ""}}, {"model": "admin.logentry", "pk": 69, "fields": {"action_time": "2020-04-23T04:22:41.164Z", "user": 1, "content_type": 13, "object_id": "61", "object_repr": "Attempt object (61)", "action_flag": 3, "change_message": ""}}, {"model": "admin.logentry", "pk": 70, "fields": {"action_time": "2020-04-23T04:22:41.168Z", "user": 1, "content_type": 13, "object_id": "60", "object_repr": "Attempt object (60)", "action_flag": 3, "change_message": ""}}, {"model": "admin.logentry", "pk": 71, "fields": {"action_time": "2020-04-23T04:22:41.173Z", "user": 1, "content_type": 13, "object_id": "59", "object_repr": "Attempt object (59)", "action_flag": 3, "change_message": ""}}, {"model": "admin.logentry", "pk": 72, "fields": {"action_time": "2020-04-23T04:22:41.177Z", "user": 1, "content_type": 13, "object_id": "58", "object_repr": "Attempt object (58)", "action_flag": 3, "change_message": ""}}, {"model": "admin.logentry", "pk": 73, "fields": {"action_time": "2020-04-23T04:22:41.182Z", "user": 1, "content_type": 13, "object_id": "57", "object_repr": "Attempt object (57)", "action_flag": 3, "change_message": ""}}, {"model": "admin.logentry", "pk": 74, "fields": {"action_time": "2020-04-23T04:22:41.187Z", "user": 1, "content_type": 13, "object_id": "56", "object_repr": "Attempt object (56)", "action_flag": 3, "change_message": ""}}, {"model": "admin.logentry", "pk": 75, "fields": {"action_time": "2020-04-23T04:22:41.192Z", "user": 1, "content_type": 13, "object_id": "55", "object_repr": "Attempt object (55)", "action_flag": 3, "change_message": ""}}, {"model": "admin.logentry", "pk": 76, "fields": {"action_time": "2020-04-23T04:22:41.196Z", "user": 1, "content_type": 13, "object_id": "54", "object_repr": "Attempt object (54)", "action_flag": 3, "change_message": ""}}, {"model": "admin.logentry", "pk": 77, "fields": {"action_time": "2020-04-23T04:22:41.201Z", "user": 1, "content_type": 13, "object_id": "53", "object_repr": "Attempt object (53)", "action_flag": 3, "change_message": ""}}, {"model": "admin.logentry", "pk": 78, "fields": {"action_time": "2020-04-23T04:22:41.206Z", "user": 1, "content_type": 13, "object_id": "52", "object_repr": "Attempt object (52)", "action_flag": 3, "change_message": ""}}, {"model": "admin.logentry", "pk": 79, "fields": {"action_time": "2020-04-23T04:22:41.211Z", "user": 1, "content_type": 13, "object_id": "51", "object_repr": "Attempt object (51)", "action_flag": 3, "change_message": ""}}, {"model": "admin.logentry", "pk": 80, "fields": {"action_time": "2020-04-23T04:22:41.215Z", "user": 1, "content_type": 13, "object_id": "50", "object_repr": "Attempt object (50)", "action_flag": 3, "change_message": ""}}, {"model": "admin.logentry", "pk": 81, "fields": {"action_time": "2020-04-23T04:22:41.220Z", "user": 1, "content_type": 13, "object_id": "49", "object_repr": "Attempt object (49)", "action_flag": 3, "change_message": ""}}, {"model": "admin.logentry", "pk": 82, "fields": {"action_time": "2020-04-23T04:22:41.224Z", "user": 1, "content_type": 13, "object_id": "48", "object_repr": "Attempt object (48)", "action_flag": 3, "change_message": ""}}, {"model": "admin.logentry", "pk": 83, "fields": {"action_time": "2020-04-23T04:22:41.229Z", "user": 1, "content_type": 13, "object_id": "47", "object_repr": "Attempt object (47)", "action_flag": 3, "change_message": ""}}, {"model": "admin.logentry", "pk": 84, "fields": {"action_time": "2020-04-23T06:56:17.264Z", "user": 1, "content_type": 12, "object_id": "43", "object_repr": "Paper object (43)", "action_flag": 2, "change_message": "[{\"changed\": {\"fields\": [\"answer_key\", \"syllabus\", \"description\"]}}]"}}, {"model": "admin.logentry", "pk": 85, "fields": {"action_time": "2020-04-23T07:22:23.321Z", "user": 1, "content_type": 13, "object_id": "84", "object_repr": "Attempt object (84)", "action_flag": 3, "change_message": ""}}, {"model": "admin.logentry", "pk": 86, "fields": {"action_time": "2020-04-24T09:30:15.795Z", "user": 1, "content_type": 12, "object_id": "44", "object_repr": "Paper object (44)", "action_flag": 2, "change_message": "[{\"changed\": {\"fields\": [\"answer_key\", \"syllabus\", \"description\"]}}]"}}, {"model": "admin.logentry", "pk": 87, "fields": {"action_time": "2020-04-26T03:53:16.149Z", "user": 1, "content_type": 13, "object_id": "88", "object_repr": "Attempt object (88)", "action_flag": 2, "change_message": "[{\"changed\": {\"fields\": [\"marks\"]}}]"}}, {"model": "admin.logentry", "pk": 88, "fields": {"action_time": "2020-04-26T03:53:34.663Z", "user": 1, "content_type": 13, "object_id": "87", "object_repr": "Attempt object (87)", "action_flag": 2, "change_message": "[{\"changed\": {\"fields\": [\"marks\"]}}]"}}, {"model": "admin.logentry", "pk": 89, "fields": {"action_time": "2020-04-27T08:31:47.056Z", "user": 1, "content_type": 12, "object_id": "49", "object_repr": "Paper object (49)", "action_flag": 2, "change_message": "[{\"changed\": {\"fields\": [\"answer_key\", \"syllabus\", \"description\"]}}]"}}, {"model": "admin.logentry", "pk": 90, "fields": {"action_time": "2020-04-28T11:40:54.461Z", "user": 1, "content_type": 12, "object_id": "50", "object_repr": "Paper object (50)", "action_flag": 2, "change_message": "[{\"changed\": {\"fields\": [\"soln_file\", \"description\"]}}]"}}, {"model": "admin.logentry", "pk": 91, "fields": {"action_time": "2020-04-29T14:21:27.749Z", "user": 1, "content_type": 12, "object_id": "53", "object_repr": "Paper object (53)", "action_flag": 2, "change_message": "[{\"changed\": {\"fields\": [\"q_count\", \"description\"]}}]"}}, {"model": "admin.logentry", "pk": 92, "fields": {"action_time": "2020-04-29T14:22:17.950Z", "user": 1, "content_type": 12, "object_id": "53", "object_repr": "Paper object (53)", "action_flag": 2, "change_message": "[{\"changed\": {\"fields\": [\"q_type\", \"answer_key\", \"marking_scheme\", \"negative_marking_scheme\", \"max_marks\"]}}]"}}, {"model": "admin.logentry", "pk": 93, "fields": {"action_time": "2020-04-30T17:39:30.026Z", "user": 1, "content_type": 12, "object_id": "54", "object_repr": "Paper object (54)", "action_flag": 3, "change_message": ""}}, {"model": "admin.logentry", "pk": 94, "fields": {"action_time": "2020-05-08T06:03:51.509Z", "user": 1, "content_type": 12, "object_id": "58", "object_repr": "Paper object (58)", "action_flag": 2, "change_message": "[{\"changed\": {\"fields\": [\"answer_key\", \"description\"]}}]"}}, {"model": "admin.logentry", "pk": 95, "fields": {"action_time": "2020-05-08T06:05:32.229Z", "user": 1, "content_type": 13, "object_id": "103", "object_repr": "Attempt object (103)", "action_flag": 2, "change_message": "[{\"changed\": {\"fields\": [\"response\", \"q_result\"]}}]"}}, {"model": "admin.logentry", "pk": 96, "fields": {"action_time": "2020-05-08T06:08:04.309Z", "user": 1, "content_type": 13, "object_id": "103", "object_repr": "Attempt object (103)", "action_flag": 2, "change_message": "[{\"changed\": {\"fields\": [\"q_result\", \"marks\"]}}]"}}, {"model": "admin.logentry", "pk": 97, "fields": {"action_time": "2020-05-09T17:06:54.007Z", "user": 1, "content_type": 12, "object_id": "60", "object_repr": "Paper object (60)", "action_flag": 2, "change_message": "[{\"changed\": {\"fields\": [\"qpaper_file\", \"description\"]}}]"}}, {"model": "admin.logentry", "pk": 98, "fields": {"action_time": "2020-05-12T14:29:52.790Z", "user": 1, "content_type": 13, "object_id": "107", "object_repr": "Attempt object (107)", "action_flag": 2, "change_message": "[{\"changed\": {\"fields\": [\"response\", \"q_result\", \"marks\"]}}]"}}, {"model": "admin.logentry", "pk": 99, "fields": {"action_time": "2020-05-12T15:43:17.908Z", "user": 1, "content_type": 12, "object_id": "63", "object_repr": "Paper object (63)", "action_flag": 2, "change_message": "[{\"changed\": {\"fields\": [\"answer_key\", \"syllabus\", \"description\"]}}]"}}, {"model": "admin.logentry", "pk": 100, "fields": {"action_time": "2020-05-12T15:43:26.228Z", "user": 1, "content_type": 12, "object_id": "61", "object_repr": "Paper object (61)", "action_flag": 2, "change_message": "[{\"changed\": {\"fields\": [\"name\", \"syllabus\", \"description\"]}}]"}}, {"model": "admin.logentry", "pk": 101, "fields": {"action_time": "2020-05-12T15:44:20.270Z", "user": 1, "content_type": 12, "object_id": "62", "object_repr": "Paper object (62)", "action_flag": 2, "change_message": "[{\"changed\": {\"fields\": [\"name\", \"description\"]}}]"}}, {"model": "admin.logentry", "pk": 102, "fields": {"action_time": "2020-05-15T08:19:03.355Z", "user": 1, "content_type": 12, "object_id": "64", "object_repr": "Paper object (64)", "action_flag": 2, "change_message": "[{\"changed\": {\"fields\": [\"answer_key\", \"syllabus\", \"description\"]}}]"}}, {"model": "admin.logentry", "pk": 103, "fields": {"action_time": "2020-05-15T08:19:35.603Z", "user": 1, "content_type": 13, "object_id": "110", "object_repr": "Attempt object (110)", "action_flag": 3, "change_message": ""}}, {"model": "admin.logentry", "pk": 104, "fields": {"action_time": "2020-05-15T08:21:17.493Z", "user": 1, "content_type": 13, "object_id": "109", "object_repr": "Attempt object (109)", "action_flag": 3, "change_message": ""}}, {"model": "admin.logentry", "pk": 105, "fields": {"action_time": "2020-05-18T13:55:00.207Z", "user": 1, "content_type": 12, "object_id": "68", "object_repr": "Paper object (68)", "action_flag": 2, "change_message": "[{\"changed\": {\"fields\": [\"qpaper_file\", \"description\"]}}]"}}, {"model": "admin.logentry", "pk": 106, "fields": {"action_time": "2020-05-18T14:18:42.290Z", "user": 1, "content_type": 12, "object_id": "68", "object_repr": "Paper object (68)", "action_flag": 2, "change_message": "[{\"changed\": {\"fields\": [\"qpaper_file\"]}}]"}}, {"model": "admin.logentry", "pk": 107, "fields": {"action_time": "2020-05-23T10:55:10.249Z", "user": 1, "content_type": 12, "object_id": "73", "object_repr": "Paper object (73)", "action_flag": 2, "change_message": "[{\"changed\": {\"fields\": [\"answer_key\", \"description\"]}}]"}}, {"model": "admin.logentry", "pk": 108, "fields": {"action_time": "2020-05-23T12:23:09.190Z", "user": 1, "content_type": 12, "object_id": "73", "object_repr": "Paper object (73)", "action_flag": 2, "change_message": "[{\"changed\": {\"fields\": [\"qpaper_file\", \"soln_file\", \"answer_key\"]}}]"}}, {"model": "app.attempt", "pk": 1, "fields": {"user": 3, "paper": 1, "response": "X|A|B|B|D|A|D|_|_|_|_|_|_|_|_|_|_|_|_|_|_|_|_|_|_|_|_|_|_|_|_", "q_result": "0110000________________________", "marks": 4, "created_at": "2020-04-16T05:46:52.925Z"}}, {"model": "app.attempt", "pk": 2, "fields": {"user": 3, "paper": 2, "response": "X|A|_|C|_|C|B|_|B|B|_|_|_|C|C|_|C|_|_|A|C|_|C|_|_|C|C|A|_|C|_", "q_result": "00_1_11_11___01_1__11_0__010_0_", "marks": 34, "created_at": "2020-04-16T12:16:17.162Z"}}, {"model": "app.attempt", "pk": 3, "fields": {"user": 4, "paper": 1, "response": "X|_|_|B|B|C|_|_|_|_|_|_|_|_|_|_|_|_|_|_|_|_|_|_|_|_|_|_|_|_|_", "q_result": "0__000_________________________", "marks": -3, "created_at": "2020-04-16T12:21:59.440Z"}}, {"model": "app.attempt", "pk": 4, "fields": {"user": 5, "paper": 4, "response": "X|_|_|_|_|_|_|_|_|_|_|_|_|_|_|_|_|_|_|_|_|_|_|_|_|_|A|_|_|_|_|_|_|_|_|_|_|_|_|_|_|_|_|_|_|_|_|_|_|_|_|_|_|_|_|_|_|_|_|_|_|_|_|_|_|_|_|_|_|_|_|_|_|_|_|_|_|_|_|_|_|_|_|_|_|_|_|_|_|_|_", "q_result": "0_________________________0________________________________________________________________", "marks": -1, "created_at": "2020-04-16T13:29:40.474Z"}}, {"model": "app.attempt", "pk": 5, "fields": {"user": 3, "paper": 3, "response": "X|C|D|B|A|A|B|_|_|D|C|D|_|_|B|B|_|C|A|D|_", "q_result": "0111001__011__11_111_", "marks": 41, "created_at": "2020-04-16T13:54:00.902Z"}}, {"model": "app.attempt", "pk": 38, "fields": {"user": 3, "paper": 4, "response": "X|C|_|_|C|C|_|_|B|C|D|D|D|B|B|_|A|D|A|D|_|D|B|B|A|_|B|A|_|A|B|_|A|C|_|B|_|_|D|C|C|_|A|B|C|B|B|B|C|B|B|D|D|B|A|D|_|_|D|A|C|B|C|D|B|B|C|D|_|B|C|_|C|C|_|D|D|_|C|B|_|_|_|B|C|_|A|_|_|C|_", "q_result": "01__11__0111110_1111_1101_10_11_11_0__011_11110111100100__1111111111_11_11_11_01___11_0__1_", "marks": 191, "created_at": "2020-04-16T18:40:10.087Z"}}, {"model": "app.attempt", "pk": 39, "fields": {"user": 40, "paper": 2, "response": "", "q_result": "", "marks": 0, "created_at": "2020-04-17T10:00:44.002Z"}}, {"model": "app.attempt", "pk": 42, "fields": {"user": 3, "paper": 39, "response": "X|B|_|_|C|A|_|_|_|B|D|D|_|D|_|_|D|C|_|A|D|D|A|_|C|A|_|_|A|C|A", "q_result": "01__00___101_1__01_0000_10__010", "marks": 17, "created_at": "2020-04-17T17:51:06.534Z"}}, {"model": "app.attempt", "pk": 43, "fields": {"user": 3, "paper": 40, "response": "X|_|_|_|A|_|A|C|_|A|C|C|_|_|C|_|B|B|C|_|C|B|_|_|A|A|_|_|C|_|B", "q_result": "0___0_01_001__0_111_11__01__1_1", "marks": 34, "created_at": "2020-04-18T08:43:43.127Z"}}, {"model": "app.attempt", "pk": 44, "fields": {"user": 40, "paper": 1, "response": "X|_|_|_|_|_|_|_|_|_|_|_|_|_|_|_|_|_|_|_|_|_|_|_|_|_|_|_|_|_|_", "q_result": "0______________________________", "marks": 0, "created_at": "2020-04-18T17:14:03.171Z"}}, {"model": "app.attempt", "pk": 45, "fields": {"user": 3, "paper": 41, "response": "X|C|_|A|C|A|_|D|B|B|_|D|C|_|_|B|B|A|B|B|_|A|D|D|_|A|B|_|_|_|_|C|A|_|_|C|_|_|_|C|A|_|_|_|_|_|_|_|_|_|B|D|B|A|C|B|B|D|C|B|A|B|C|_|A|D|C|A|B|A|D|D|B|_|_|_|A|_|A|A|C|C|B|_|B|_|C|B|_|A|_", "q_result": "01_011_010_01__01111_010_01____11__0___10_________0111011010111_110110001___0_11011_1_10_1_", "marks": 119, "created_at": "2020-04-19T15:47:38.311Z"}}, {"model": "app.attempt", "pk": 46, "fields": {"user": 3, "paper": 42, "response": "X|D|B|C|C|C|_|_|B|D|B|B|A|C|_|_|C|B|D|C|A", "q_result": "010111__111111__11111", "marks": 59, "created_at": "2020-04-22T12:26:10.023Z"}}, {"model": "app.attempt", "pk": 85, "fields": {"user": 40, "paper": 43, "response": "X|_|_|_|_|_|_|_|_|_|_|_|_|_|_|_|_|_|_|_|_|_|_|_|_|_|_|_|_|_|_|_|_|_|_|_|_|_|_|_|_|_|_|_|_|_|_|_|_|_|_|_|_|_|_|_|_|_|_|_|_|_|_|_|_|_|_|_|_|_|_|_|_|_|_|_|_|_|_|_|_|_|_|_|_|_|_|_|_|_|_", "q_result": "0__________________________________________________________________________________________", "marks": 0, "created_at": "2020-04-23T07:30:30.092Z"}}, {"model": "app.attempt", "pk": 86, "fields": {"user": 3, "paper": 43, "response": "X|C|A|D|B|_|_|C|C|C|C|_|A|C|_|C|_|A|_|C|A|_|B|_|_|A|A|B|_|C|B|_|_|_|A|_|_|C|_|_|_|_|B|_|_|_|_|C|_|_|A|_|D|_|B|_|_|_|C|C|A|A|_|_|A|A|B|A|D|B|A|A|B|A|B|_|A|_|B|C|A|_|D|C|D|B|C|_|_|A|B", "q_result": "00001__1111_11_0_1_11_1__111_01___0__1____1____1__0_1_1___1111__10110110111_0_111_10111__10", "marks": 147, "created_at": "2020-04-23T14:14:21.701Z"}}, {"model": "app.attempt", "pk": 87, "fields": {"user": 3, "paper": 44, "response": "X|D|B|A|D|D|_|C|A|B|A|_|A|_|_|_|_|_|_|_|_|_|_|_|_|B|_|B|A|_|_|A|B|C|A|A|B|A|B|D|B|D|B|A|B|C|B|B|_|D|_|A|_|_|B|_|_|_|D|_|B|_|_|_|_|_|_|A|_|B|_|A|A|C|A|_|_|_|D|A|_|_|A|_|_|_|_|_|_|_|_", "q_result": "011011_1111_0____________0_10__11111111110111110_1_1__0___0_0______1_1_1001___00__1________", "marks": 117, "created_at": "2020-04-24T14:23:26Z"}}, {"model": "app.attempt", "pk": 88, "fields": {"user": 3, "paper": 45, "response": "X|C|B|B|A|B|B|C|C|C|B|A|B|_|B|C|D|B|_|_|_", "q_result": "0111111111111_1101___", "marks": 64, "created_at": "2020-04-26T02:58:02Z"}}, {"model": "app.attempt", "pk": 89, "fields": {"user": 40, "paper": 42, "response": "X|_|_|_|_|_|_|_|_|_|_|_|_|_|_|_|_|_|_|_|_", "q_result": "0____________________", "marks": 0, "created_at": "2020-04-26T05:55:24.891Z"}}, {"model": "app.attempt", "pk": 90, "fields": {"user": 3, "paper": 46, "response": "X|_|B|C|C|D|A|_|C|_|_|B|_|_|_|_|_|_|_|_|_", "q_result": "0_00011_1__1_________", "marks": 13, "created_at": "2020-04-26T06:07:11.019Z"}}, {"model": "app.attempt", "pk": 91, "fields": {"user": 40, "paper": 42, "response": "X|A|B|C|C|_|_|_|_|_|_|_|_|_|_|_|_|_|_|_|_", "q_result": "00011________________", "marks": 6, "created_at": "2020-04-26T07:04:34.977Z"}}, {"model": "app.attempt", "pk": 92, "fields": {"user": 3, "paper": 47, "response": "X|_|_|_|C|_|_|_|A|A|C|_|_|A|C|D|A|C|_|_|_|_|_|_|B|_|C|_|_|B|_", "q_result": "0___0___111__01000______0_1__0_", "marks": 13, "created_at": "2020-04-27T08:06:44.217Z"}}, {"model": "app.attempt", "pk": 93, "fields": {"user": 3, "paper": 48, "response": "X|_|A|A|D|_|A|_|_|C|_|A|A|A|_|_|_|C|_|C|_|_|_|_|C|_|B|A|A|A|C", "q_result": "0_110_1__0_101___1_1____0_00011", "marks": 29, "created_at": "2020-04-27T09:29:49.181Z"}}, {"model": "app.attempt", "pk": 94, "fields": {"user": 3, "paper": 49, "response": "X|C|B|B|C|A|_|C|C|C|B|B|B|C|_|D|A|B|D|D|C|D|_|C|_|A|A|_|_|C|D|_|B|_|D|B|C|_|B|A|A|C|C|C|D|_|_|D|_|B|_|B|_|C|B|_|_|C|A|C|_|C|C|B|B|C|B|A|_|B|D|A|B|A|D|C|D|_|C|_|D|C|_|B|B|_|B|D|A|A|B", "q_result": "010111_1111111_0111011_1_01__00_1_111_1111111__1_1_1_11__110_1111101_11111011_1_10_11_01011", "marks": 212, "created_at": "2020-04-27T15:08:56.291Z"}}, {"model": "app.attempt", "pk": 95, "fields": {"user": 3, "paper": 50, "response": "X|A|B|D|C|C|D|_|B|D|A|C|C|_|_|_|_|_|C|_|_|_|_|_|_|_|_|_|B|_|_", "q_result": "0101111_11111_____1_________0__", "marks": 42, "created_at": "2020-04-28T12:51:46.023Z"}}, {"model": "app.attempt", "pk": 96, "fields": {"user": 3, "paper": 51, "response": "X|B|C|B|B|B|D|B|_|B|B|C|C|C|B|B|B|B|_|_|_", "q_result": "01111111_111111010___", "marks": 54, "created_at": "2020-04-28T15:19:12.515Z"}}, {"model": "app.attempt", "pk": 97, "fields": {"user": 3, "paper": 52, "response": "X|_|C|_|C|A|B|_|_|_|_|A|B|D|_|D|D|_|_|_|_|_|2|_|_|10", "q_result": "0_1_011____010_00_____1__0", "marks": 15, "created_at": "2020-04-30T02:24:47.217Z"}}, {"model": "app.attempt", "pk": 98, "fields": {"user": 3, "paper": 55, "response": "X|_|B|B|A|B|_|A|B|_|_|_|_|_|_|_|B|_|A|D|B|_|_|_|_|_|_|_|_|_|_|_|4|10|_|1|8|_|_|2|_", "q_result": "0_1101_11_______1_001___________00_00__1_", "marks": 29, "created_at": "2020-05-01T02:42:12.142Z"}}, {"model": "app.attempt", "pk": 99, "fields": {"user": 3, "paper": 53, "response": "X|_|D|B|_|C|_|_|A|D|_|_|_|B|_|_|B|_|B|_|_|10|4|_|2|_", "q_result": "0_10_0__11___1__1_1__10_0_", "marks": 26, "created_at": "2020-05-01T16:30:16.894Z"}}, {"model": "app.attempt", "pk": 100, "fields": {"user": 3, "paper": 56, "response": "X|C|C|D|B|_|_|_|_|_|_|C|A|C|B|A|C|_|_|_|C|_|_|_|_|_|_|_|A|_|B", "q_result": "00011______111011___1_______1_0", "marks": 32, "created_at": "2020-05-03T06:05:56.810Z"}}, {"model": "app.attempt", "pk": 101, "fields": {"user": 40, "paper": 44, "response": "X|B|B|B|C|D|C|B|C|_|_|_|_|_|_|_|_|_|_|_|_|_|_|_|_|_|_|_|_|_|_|_|_|_|_|_|_|_|_|_|_|_|_|_|_|_|_|_|_|_|_|_|_|_|_|_|_|_|_|_|_|_|_|_|_|_|_|_|_|_|_|_|_|_|_|_|_|_|_|_|_|_|_|_|_|_|_|_|_|_|_", "q_result": "001001000__________________________________________________________________________________", "marks": 2, "created_at": "2020-05-04T06:26:54.872Z"}}, {"model": "app.attempt", "pk": 102, "fields": {"user": 3, "paper": 57, "response": "X|B|A|C|A|D|_|A|_|A|_|B|_|C|_|D|_|_|_|_|D|D|B|C|D|B|_|D|_|_|B", "q_result": "011000_1_1_1_0_0____111101_0__0", "marks": 32, "created_at": "2020-05-06T14:27:36.603Z"}}, {"model": "app.attempt", "pk": 103, "fields": {"user": 3, "paper": 58, "response": "X|C|D|A|B|C|C|_|D|_|C|_|_|B|D|B|D|D|_|A|C|A|_|C|C|1|25|2|4|4|6", "q_result": "0100111_1_1__10111_110_11111111", "marks": 81, "created_at": "2020-05-08T02:26:16Z"}}, {"model": "app.attempt", "pk": 104, "fields": {"user": 3, "paper": 59, "response": "X|A|B|C|A|B|C|C|_|C|C|B|_|_|D|_|_|D|D|B|B", "q_result": "01111111_111__1__1111", "marks": 60, "created_at": "2020-05-09T02:23:12.930Z"}}, {"model": "app.attempt", "pk": 105, "fields": {"user": 3, "paper": 60, "response": "X|A|D|_|D|C|B|A|_|_|A|_|B|_|_|C|C|A|B|B|A|_|_|_|250|_", "q_result": "011_0101__0_1__011101___0_", "marks": 31, "created_at": "2020-05-10T01:15:56.131Z"}}, {"model": "app.attempt", "pk": 106, "fields": {"user": 3, "paper": 61, "response": "X|_|D|D|_|C|D|D|_|B|_|A|A|_|_|B|B|_|D|B|_|_|1|720|900|25|D|A|B|_|A|_|D|_|_|C|B|_|D|A|B|_|_|C|A|_|4|_|1|_|2|_|_|B|_|A|_|C|_|_|_|_|C|D|_|D|D|D|_|D|C|26|420|_|_|1024", "q_result": "0_01_111_1_10__11_11__1011001_1_1__00_111__11_0_1_1__1_1_1____01_110_1101__0", "marks": 120, "created_at": "2020-05-11T03:41:40.639Z"}}, {"model": "app.attempt", "pk": 107, "fields": {"user": 3, "paper": 62, "response": "X|_|B|C|D|C|D|C|C|A|_|B|D|D|C|_|_|_|A|C|D|_|3|_|3|_", "q_result": "0_11101011_1111___111_1_1_", "marks": 58, "created_at": "2020-05-12T13:05:45Z"}}, {"model": "app.attempt", "pk": 108, "fields": {"user": 3, "paper": 63, "response": "X|C|A|D|C|_|D|_|C|D|B|B|_|B|D|_|B|D|_|_|D|_|_|C|D|_|_|D|_|_|_|D|D|D|C|D|A|C|_|A|D|B|A|A|_|B|A|C|A|B|D|D|D|A|C|_|_|_|C|B|C|A|_|_|B|C|D|B|B|B|A|_|_|_|_|D|_|_|A|_|_|A|D|_|C|_|C|A|A|A|C", "q_result": "00111_1_1101_11_01__0__01__0___1111111_10110_1011101110___1111__1111110____1__1__11_1_11111", "marks": 180, "created_at": "2020-05-13T04:13:30.323Z"}}, {"model": "app.attempt", "pk": 111, "fields": {"user": 3, "paper": 64, "response": "X|D|A|B|B|C|A|_|C|C|B|_|_|_|_|A|_|_|_|_|A|5|4|15|0|-780|C|D|C|B|A|_|_|_|D|A|A|D|A|_|D|D|_|_|B|C|3|8|2|5|6|_|_|D|C|D|_|_|_|_|_|_|_|A|D|A|B|_|A|C|_|28|1|4|_|15", "q_result": "0110101_100____1____11011011110___11001_11__1111100__111_______1111_11_111_1", "marks": 141, "created_at": "2020-05-15T08:26:38.995Z"}}, {"model": "app.attempt", "pk": 112, "fields": {"user": 3, "paper": 65, "response": "X|D|C|C|D|C|C|D|A|A|_|C|A|C|D|A|B|_|C|A|C|A|B|_|_|D|B|C|_|D|C", "q_result": "0111110101_111010_00110__011_11", "marks": 60, "created_at": "2020-05-16T14:24:32.308Z"}}, {"model": "app.attempt", "pk": 113, "fields": {"user": 3, "paper": 67, "response": "X|_|_|_|_|C|_|_|_|_|C|_|_|_|_|_|_|_|_|_|_|_|_|_|_|_", "q_result": "0____1____1_______________", "marks": 8, "created_at": "2020-05-17T00:50:31.983Z"}}, {"model": "app.attempt", "pk": 114, "fields": {"user": 3, "paper": 67, "response": "X|D|_|D|_|C|_|_|C|_|C|B|D|B|_|_|D|C|_|_|B|2|2|2|3|6", "q_result": "01_0_1__1_1000__01__101001", "marks": 27, "created_at": "2020-05-17T00:52:03.547Z"}}, {"model": "app.attempt", "pk": 115, "fields": {"user": 3, "paper": 66, "response": "X|C|_|C|B|_|_|A|_|_|_|_|A|_|_|C|A|B|C|A|D|2|80|20|1|0|A|C|B|B|B|C|A|C|A|A|B|C|C|_|C|_|C|A|B|B|2|_|8|6|2|C|B|A|D|_|_|B|A|B|A|_|B|B|_|D|B|B|_|B|A|1|2|216|0|4", "q_result": "01_11__1____1__100101001111111011101111_1_11110_0100101__1011_11_011_0000101", "marks": 145, "created_at": "2020-05-17T05:26:20.208Z"}}, {"model": "app.attempt", "pk": 116, "fields": {"user": 3, "paper": 68, "response": "X|A|A|_|_|C|A|_|B|A|B|_|_|A|_|_|_|_|B|A|_|_|20|_|_|_", "q_result": "011__10_010__1____11__0___", "marks": 25, "created_at": "2020-05-18T15:05:14.262Z"}}, {"model": "app.attempt", "pk": 117, "fields": {"user": 3, "paper": 69, "response": "X|_|B|C|B|_|A|B|_|_|_|B|A|B|C|A|_|_|A|D|A|B|_|_|D|A|_|A|_|C|B", "q_result": "0_111_00___11001__1111__00_1_11", "marks": 46, "created_at": "2020-05-19T00:34:39.751Z"}}, {"model": "app.attempt", "pk": 118, "fields": {"user": 3, "paper": 70, "response": "X|C|A|_|D|D|D|B|B|D|C|C|C|A|D|B|A|D|A|_|A", "q_result": "010_111111111111111_1", "marks": 67, "created_at": "2020-05-20T07:35:51.681Z"}}, {"model": "app.attempt", "pk": 119, "fields": {"user": 3, "paper": 71, "response": "X|A|_|_|D|B|_|_|C|_|D|_|_|A|_|C|_|B|_|D|D|1|2|0|0|1|B|B|B|C|_|C|C|B|A|A|B|B|B|A|D|B|B|C|B|_|8|6|3|3|2|B|C|A|C|B|D|B|D|_|_|A|B|C|_|B|A|A|A|A|A|18|13|192|_|_", "q_result": "01__01__1_0__0_0_0_10001011011_11110110011111_1001101011101__110_111111101__", "marks": 138, "created_at": "2020-05-21T04:20:11.555Z"}}, {"model": "app.attempt", "pk": 120, "fields": {"user": 3, "paper": 72, "response": "X|A|C|A|B|B|A|B|D|A|C|_|A|C|C|_|C|C|A|A|B", "q_result": "01111111101_111_11111", "marks": 67, "created_at": "2020-05-23T02:27:19.096Z"}}, {"model": "app.attempt", "pk": 121, "fields": {"user": 3, "paper": 73, "response": "X|C|C|C|A|B|_|_|C|C|A|B|B|B|B|D|B|_|B|A|_|A|A|A|D|_|_|_|_|_|_|D|_|B|A|A|_|A|_|_|_|A|A|B|C|_|_|A|_|_|C|B|D|_|_|_|_|A|B|_|C|A|_|_|D|_|A|C|C|D|D|A|C|A|B|A|B|_|B|B|_|_|B|_|B|_|B|A|_|C|_", "q_result": "010010__101010110_00_1001______1_110_0___1001__1__111____01_11__1_11111100111_11__1_0_11_1_", "marks": 129, "created_at": "2020-05-23T15:24:20.756Z"}}, {"model": "app.attempt", "pk": 122, "fields": {"user": 3, "paper": 74, "response": "X|_|B|B|_|_|A|D|A|_|_|C|D|_|_|_|A|B|D|_|_|_|_|_|200|_|C|A|B|_|D|D|D|B|B|C|A|D|_|_|_|D|_|D|D|_|1|2|_|_|_|C|B|B|D|_|D|D|C|C|C|D|_|B|_|D|_|A|B|_|_|_|_|0|1|1", "q_result": "0_10__000__11___111_____1_110_01111010___0_11_10___0010_101100_1_1_11____110", "marks": 93, "created_at": "2020-05-24T02:56:15.612Z"}}, {"model": "app.attempt", "pk": 123, "fields": {"user": 3, "paper": 75, "response": "X|A|B|B|B|B|B|B|D|_|B|_|A|_|A|A|C|_|_|_|D|_|_|_|_|_|_|_|A|A|_|_|_|C|_|_|D|D|_|_|D|_|C|B|D|B|_|_|_|_|_|_|D|_|_|B|_|B|B|_|A|B|_|C|_|C|_|B|C|_|_|_|_|_|_|_", "q_result": "011100011_1_1_111___1_______00___1__11__1_1011______0__1_11_10_1_1_11_______", "marks": 96, "created_at": "2020-05-25T04:09:00.210Z"}}, {"model": "app.paper", "pk": 1, "fields": {"author": 2, "name": "Origin Physics Paper-1", "qpaper_file": "papers/Origin-N-1.pdf", "soln_file": "papers/Origin-N-1-soln.pdf", "q_count": 30, "q_type": "MCQ|MCQ|MCQ|MCQ|MCQ|MCQ|MCQ|MCQ|MCQ|MCQ|MCQ|MCQ|MCQ|MCQ|MCQ|MCQ|MCQ|MCQ|MCQ|MCQ|MCQ|MCQ|MCQ|MCQ|MCQ|MCQ|MCQ|MCQ|MCQ|MCQ|MCQ", "answer_key": "X|A|B|A|A|B|C|A|A|B|B|B|C|B|B|A|D|A|A|D|A|B|B|D|B|D|D|D|B|B|B", "marking_scheme": "4444444444444444444444444444444", "negative_marking_scheme": "1111111111111111111111111111111", "syllabus": "Vector, Unit & Dimensions, Kinematics", "subject": "P", "description": "Marking : +4/ -1\t\t\t\t\t\t\t\t\tDuration: 60 min", "duration": 60, "max_marks": 120, "created_at": "2020-04-16T05:41:55Z"}}, {"model": "app.paper", "pk": 2, "fields": {"author": 2, "name": "Origin Chemistry Paper - 1", "qpaper_file": "papers/Origin-N-3.pdf", "soln_file": "papers/Origin-C-1-Sol.pdf", "q_count": 30, "q_type": "MCQ|MCQ|MCQ|MCQ|MCQ|MCQ|MCQ|MCQ|MCQ|MCQ|MCQ|MCQ|MCQ|MCQ|MCQ|MCQ|MCQ|MCQ|MCQ|MCQ|MCQ|MCQ|MCQ|MCQ|MCQ|MCQ|MCQ|MCQ|MCQ|MCQ|MCQ", "answer_key": "X|B|C|C|B|C|B|C|B|B|B|D|B|B|C|B|C|A|D|A|C|C|D|D|B|A|C|C|B|D|A", "marking_scheme": "4444444444444444444444444444444", "negative_marking_scheme": "1111111111111111111111111111111", "syllabus": "Mole Concept, Atomic Structure", "subject": "C", "description": "Marking : +4/ -1\t\t\t\t\t\t\t\t\tDuration: 60m", "duration": 60, "max_marks": 120, "created_at": "2020-04-16T09:51:30Z"}}, {"model": "app.paper", "pk": 3, "fields": {"author": 2, "name": "Mathduniya: Trigo Ratio & Identity", "qpaper_file": "papers/Trignometric_Ratios_and_Functions.pdf", "soln_file": "papers/Trignometric_Ratios_and_Functions_solutions.pdf", "q_count": 20, "q_type": "MCQ|MCQ|MCQ|MCQ|MCQ|MCQ|MCQ|MCQ|MCQ|MCQ|MCQ|MCQ|MCQ|MCQ|MCQ|MCQ|MCQ|MCQ|MCQ|MCQ|MCQ", "answer_key": "X|C|D|B|D|B|B|D|B|C|C|D|C|D|B|B|C|C|A|D|B", "marking_scheme": "444444444444444444444", "negative_marking_scheme": "111111111111111111111", "syllabus": "Trigonometric ratios & identity", "subject": "M", "description": "Marking : +4/ -1\t\t\t\t\t\t\t\t\tDuration: 60 min", "duration": 60, "max_marks": 80, "created_at": "2020-04-16T09:59:24Z"}}, {"model": "app.paper", "pk": 4, "fields": {"author": 2, "name": "Allen Nurture - 1", "qpaper_file": "papers/Nurture-1.pdf", "soln_file": "papers/Nurture-1-sol.pdf", "q_count": 90, "q_type": "MCQ|MCQ|MCQ|MCQ|MCQ|MCQ|MCQ|MCQ|MCQ|MCQ|MCQ|MCQ|MCQ|MCQ|MCQ|MCQ|MCQ|MCQ|MCQ|MCQ|MCQ|MCQ|MCQ|MCQ|MCQ|MCQ|MCQ|MCQ|MCQ|MCQ|MCQ|MCQ|MCQ|MCQ|MCQ|MCQ|MCQ|MCQ|MCQ|MCQ|MCQ|MCQ|MCQ|MCQ|MCQ|MCQ|MCQ|MCQ|MCQ|MCQ|MCQ|MCQ|MCQ|MCQ|MCQ|MCQ|MCQ|MCQ|MCQ|MCQ|MCQ|MCQ|MCQ|MCQ|MCQ|MCQ|MCQ|MCQ|MCQ|MCQ|MCQ|MCQ|MCQ|MCQ|MCQ|MCQ|MCQ|MCQ|MCQ|MCQ|MCQ|MCQ|MCQ|MCQ|MCQ|MCQ|MCQ|MCQ|MCQ|MCQ|MCQ", "answer_key": "X|C|D|B|C|C|C|C|A|C|D|D|D|B|C|D|A|D|A|D|C|D|B|C|A|D|B|B|A|A|B|D|A|C|B|A|B|D|B|C|C|A|A|B|C|B|D|B|C|B|B|C|A|B|D|B|A|C|D|A|C|B|C|D|B|B|C|D|B|B|C|B|C|C|C|D|D|D|A|B|C|B|D|B|C|C|C|A|C|C|A", "marking_scheme": "4444444444444444444444444444444444444444444444444444444444444444444444444444444444444444444", "negative_marking_scheme": "1111111111111111111111111111111111111111111111111111111111111111111111111111111111111111111", "syllabus": "Physics: Basic Mathematics used in Physics, Vectors, Units & Dimensions and Measurement |Chemistry: Mole Concept | Maths: Trigonometric Ratios and Identities.", "subject": "PCM", "description": "Marking : +4/ -1 | \t\t\t\t\t\t\t\t\tDuration: 180 min", "duration": 180, "max_marks": 360, "created_at": "2020-04-16T10:36:37Z"}}, {"model": "app.paper", "pk": 39, "fields": {"author": 2, "name": "Origin Chemistry Paper - 2", "qpaper_file": "papers/Origin-C-2.pdf", "soln_file": "papers/Origin-C-2-Sol.pdf", "q_count": 30, "q_type": "MCQ|MCQ|MCQ|MCQ|MCQ|MCQ|MCQ|MCQ|MCQ|MCQ|MCQ|MCQ|MCQ|MCQ|MCQ|MCQ|MCQ|MCQ|MCQ|MCQ|MCQ|MCQ|MCQ|MCQ|MCQ|MCQ|MCQ|MCQ|MCQ|MCQ|MCQ", "answer_key": "X|B|D|B|A|B|D|D|A|B|A|D|B|D|A|C|C|C|B|C|C|C|C|B|C|C|D|B|D|C|B", "marking_scheme": "4444444444444444444444444444444", "negative_marking_scheme": "1111111111111111111111111111111", "syllabus": "Perioidic Table", "subject": "C", "description": "Marking :\t\t\t\t\t\t\t\t\tDuration:", "duration": 60, "max_marks": 120, "created_at": "2020-04-17T16:18:00Z"}}, {"model": "app.paper", "pk": 40, "fields": {"author": 2, "name": "Origin Physics Paper-2 (Vedantu)", "qpaper_file": "papers/Origin-P-2_JAeHa9c.pdf", "soln_file": "papers/Origin-P-2_sol.pdf", "q_count": 30, "q_type": "MCQ|MCQ|MCQ|MCQ|MCQ|MCQ|MCQ|MCQ|MCQ|MCQ|MCQ|MCQ|MCQ|MCQ|MCQ|MCQ|MCQ|MCQ|MCQ|MCQ|MCQ|MCQ|MCQ|MCQ|MCQ|MCQ|MCQ|MCQ|MCQ|MCQ|MCQ", "answer_key": "X|A|B|C|C|C|B|C|D|B|A|C|D|B|B|A|B|B|C|A|C|B|C|C|B|A|C|B|C|D|B", "marking_scheme": "4444444444444444444444444444444", "negative_marking_scheme": "1111111111111111111111111111111", "syllabus": "Newton's Law of Motion, Friction", "subject": "P", "description": "Marking :\r\n\t\t\t\t\t\t\t\t\tDuration:", "duration": 60, "max_marks": 120, "created_at": "2020-04-18T07:36:06.587Z"}}, {"model": "app.paper", "pk": 41, "fields": {"author": 2, "name": "Allen Nurture - 2", "qpaper_file": "papers/Nurture-2_4UVr8DH.pdf", "soln_file": "papers/Nurture-2-sol_eCGa5v5.pdf", "q_count": 90, "q_type": "MCQ|MCQ|MCQ|MCQ|MCQ|MCQ|MCQ|MCQ|MCQ|MCQ|MCQ|MCQ|MCQ|MCQ|MCQ|MCQ|MCQ|MCQ|MCQ|MCQ|MCQ|MCQ|MCQ|MCQ|MCQ|MCQ|MCQ|MCQ|MCQ|MCQ|MCQ|MCQ|MCQ|MCQ|MCQ|MCQ|MCQ|MCQ|MCQ|MCQ|MCQ|MCQ|MCQ|MCQ|MCQ|MCQ|MCQ|MCQ|MCQ|MCQ|MCQ|MCQ|MCQ|MCQ|MCQ|MCQ|MCQ|MCQ|MCQ|MCQ|MCQ|MCQ|MCQ|MCQ|MCQ|MCQ|MCQ|MCQ|MCQ|MCQ|MCQ|MCQ|MCQ|MCQ|MCQ|MCQ|MCQ|MCQ|MCQ|MCQ|MCQ|MCQ|MCQ|MCQ|MCQ|MCQ|MCQ|MCQ|MCQ|MCQ|MCQ", "answer_key": "X|C|A|B|C|A|A|C|B|D|C|B|C|A|D|D|B|A|B|B|D|B|D|C|D|C|B|C|D|C|A|C|A|B|C|D|B|D|C|C|D|B|B|D|B|D|B|D|A|D|D|D|B|A|B|B|B|A|C|A|A|B|C|A|A|D|D|A|B|C|C|A|B|B|A|C|D|B|A|A|D|C|B|A|B|C|C|C|D|A|D", "marking_scheme": "4444444444444444444444444444444444444444444444444444444444444444444444444444444444444444444", "negative_marking_scheme": "1111111111111111111111111111111111111111111111111111111111111111111111111111111111111111111", "syllabus": "Kinematics | Atomic structure | Quadratic Equations & Linear Inequalities", "subject": "PCM", "description": "Marking :\t\t\t\t\t\t\t\t\tDuration:", "duration": 18, "max_marks": 360, "created_at": "2020-04-19T10:59:13Z"}}, {"model": "app.paper", "pk": 42, "fields": {"author": 2, "name": "Mathduniya: Trigo Equation", "qpaper_file": "papers/Trignometric_eqn_and_ineqn.pdf", "soln_file": "papers/Trignometric_eqn_and_ineqn_solutions.pdf", "q_count": 20, "q_type": "MCQ|MCQ|MCQ|MCQ|MCQ|MCQ|MCQ|MCQ|MCQ|MCQ|MCQ|MCQ|MCQ|MCQ|MCQ|MCQ|MCQ|MCQ|MCQ|MCQ|MCQ", "answer_key": "X|D|D|C|C|C|C|C|B|D|B|B|A|C|C|D|C|B|D|C|A", "marking_scheme": "444444444444444444444", "negative_marking_scheme": "111111111111111111111", "syllabus": "Trigonometric Equations", "subject": "M", "description": "Marking :\r\n\t\t\t\t\t\t\t\t\tDuration:", "duration": 60, "max_marks": 80, "created_at": "2020-04-22T07:14:44.186Z"}}, {"model": "app.paper", "pk": 43, "fields": {"author": 2, "name": "Allen Nurture - 3", "qpaper_file": "papers/Nurture-3.pdf", "soln_file": "papers/Nurture-3-sol.pdf", "q_count": 90, "q_type": "MCQ|MCQ|MCQ|MCQ|MCQ|MCQ|MCQ|MCQ|MCQ|MCQ|MCQ|MCQ|MCQ|MCQ|MCQ|MCQ|MCQ|MCQ|MCQ|MCQ|MCQ|MCQ|MCQ|MCQ|MCQ|MCQ|MCQ|MCQ|MCQ|MCQ|MCQ|MCQ|MCQ|MCQ|MCQ|MCQ|MCQ|MCQ|MCQ|MCQ|MCQ|MCQ|MCQ|MCQ|MCQ|MCQ|MCQ|MCQ|MCQ|MCQ|MCQ|MCQ|MCQ|MCQ|MCQ|MCQ|MCQ|MCQ|MCQ|MCQ|MCQ|MCQ|MCQ|MCQ|MCQ|MCQ|MCQ|MCQ|MCQ|MCQ|MCQ|MCQ|MCQ|MCQ|MCQ|MCQ|MCQ|MCQ|MCQ|MCQ|MCQ|MCQ|MCQ|MCQ|MCQ|MCQ|MCQ|MCQ|MCQ|MCQ|MCQ", "answer_key": "X|B|D|C|B|C|C|C|C|C|C|B|A|C|A|A|B|A|C|C|A|A|B|C|B|A|A|B|A|D|B|C|B|A|D|C|B|C|A|B|B|B|B|D|A|C|A|C|B|C|D|B|D|C|B|C|D|B|C|C|A|A|C|B|A|D|B|A|B|B|A|D|B|A|B|B|C|A|B|C|A|D|D|B|D|B|C|D|C|A|A", "marking_scheme": "4444444444444444444444444444444444444444444444444444444444444444444444444444444444444444444", "negative_marking_scheme": "1111111111111111111111111111111111111111111111111111111111111111111111111111111111111111111", "syllabus": "Physics: Laws of Motion and Friction  | Chemistry: Periodic properties, Basic inorganic nomenclature. | Maths: Trigonometric Equations, Height and Distance", "subject": "PCM", "description": "Marking : +4/ -1\t\t\t\t\t\t\t\t\tDuration: 3 hrs", "duration": 180, "max_marks": 360, "created_at": "2020-04-23T06:55:17Z"}}, {"model": "app.paper", "pk": 44, "fields": {"author": 2, "name": "Allen Minor- 1", "qpaper_file": "papers/Minor-1.pdf", "soln_file": "papers/Minor-1-Sol.pdf", "q_count": 90, "q_type": "MCQ|MCQ|MCQ|MCQ|MCQ|MCQ|MCQ|MCQ|MCQ|MCQ|MCQ|MCQ|MCQ|MCQ|MCQ|MCQ|MCQ|MCQ|MCQ|MCQ|MCQ|MCQ|MCQ|MCQ|MCQ|MCQ|MCQ|MCQ|MCQ|MCQ|MCQ|MCQ|MCQ|MCQ|MCQ|MCQ|MCQ|MCQ|MCQ|MCQ|MCQ|MCQ|MCQ|MCQ|MCQ|MCQ|MCQ|MCQ|MCQ|MCQ|MCQ|MCQ|MCQ|MCQ|MCQ|MCQ|MCQ|MCQ|MCQ|MCQ|MCQ|MCQ|MCQ|MCQ|MCQ|MCQ|MCQ|MCQ|MCQ|MCQ|MCQ|MCQ|MCQ|MCQ|MCQ|MCQ|MCQ|MCQ|MCQ|MCQ|MCQ|MCQ|MCQ|MCQ|MCQ|MCQ|MCQ|MCQ|MCQ|MCQ|MCQ", "answer_key": "X|D|B|C|D|D|A|C|A|B|A|C|B|A|A|A|D|C|A|C|A|A|A|C|C|C|A|B|B|B|B|A|B|C|A|A|B|A|B|D|B|C|B|A|B|C|B|A|B|D|D|A|C|C|D|B|B|D|A|D|C|A|B|B|A|B|C|A|C|B|D|A|B|A|A|D|C|A|C|B|B|B|A|C|A|C|B|A|D|D|B", "marking_scheme": "4444444444444444444444444444444444444444444444444444444444444444444444444444444444444444444", "negative_marking_scheme": "1111111111111111111111111111111111111111111111111111111111111111111111111111111111111111111", "syllabus": "PHYSICS : Basic Mathematics used in Physics, Vectors, Units and Dimensions and Measurement, Kinematics (Motion along a straight line and Motion in a plane), Laws of Motion & Friction | CHEMISTRY : Mole Concept, Atomic structure,Periodic properties & Basic Inorganic Nomenclature. |MATHEMATICS : Trigonometric Ratios and Identities, Quadratic Equations and Linear Inequilities, TrigonometricEquations, Height & Distance", "subject": "PCM", "description": "Marking :\t\t\t\t\t\t\t\t\tDuration:", "duration": 180, "max_marks": 360, "created_at": "2020-04-24T09:27:31Z"}}, {"model": "app.paper", "pk": 45, "fields": {"author": 2, "name": "Mathduniya:Binomial", "qpaper_file": "papers/Binomial_Therom_and_Induction.pdf", "soln_file": "papers/Binomial_Therom_and_Induction_solutions.pdf", "q_count": 20, "q_type": "MCQ|MCQ|MCQ|MCQ|MCQ|MCQ|MCQ|MCQ|MCQ|MCQ|MCQ|MCQ|MCQ|MCQ|MCQ|MCQ|MCQ|MCQ|MCQ|MCQ|MCQ", "answer_key": "X|C|B|B|A|B|B|C|C|C|B|A|B|C|B|C|B|B|B|B|C", "marking_scheme": "444444444444444444444", "negative_marking_scheme": "111111111111111111111", "syllabus": "Binomial Theorem", "subject": "M", "description": "Marking :\r\n\t\t\t\t\t\t\t\t\tDuration:", "duration": 60, "max_marks": 80, "created_at": "2020-04-26T01:35:26.190Z"}}, {"model": "app.paper", "pk": 46, "fields": {"author": 2, "name": "Mathduniya: P&C", "qpaper_file": "papers/Permutations_and_Combinations.pdf", "soln_file": "papers/Permutations_and_Combinations_solutions.pdf", "q_count": 20, "q_type": "MCQ|MCQ|MCQ|MCQ|MCQ|MCQ|MCQ|MCQ|MCQ|MCQ|MCQ|MCQ|MCQ|MCQ|MCQ|MCQ|MCQ|MCQ|MCQ|MCQ|MCQ", "answer_key": "X|C|C|B|A|D|A|A|C|D|D|B|A|A|B|C|B|B|C|A|B", "marking_scheme": "444444444444444444444", "negative_marking_scheme": "111111111111111111111", "syllabus": "Permutations and Combinations", "subject": "M", "description": "Marking :\r\n\t\t\t\t\t\t\t\t\tDuration:", "duration": 60, "max_marks": 80, "created_at": "2020-04-26T04:50:41.964Z"}}, {"model": "app.paper", "pk": 47, "fields": {"author": 2, "name": "Origin Physics Paper-3", "qpaper_file": "papers/Origin-P-3.pdf", "soln_file": "papers/Origin-P-3-Sol.pdf", "q_count": 30, "q_type": "MCQ|MCQ|MCQ|MCQ|MCQ|MCQ|MCQ|MCQ|MCQ|MCQ|MCQ|MCQ|MCQ|MCQ|MCQ|MCQ|MCQ|MCQ|MCQ|MCQ|MCQ|MCQ|MCQ|MCQ|MCQ|MCQ|MCQ|MCQ|MCQ|MCQ|MCQ", "answer_key": "X|B|D|C|B|C|B|D|A|A|C|A|B|D|C|A|B|D|A|C|B|A|C|D|A|B|C|C|B|C|D", "marking_scheme": "4444444444444444444444444444444", "negative_marking_scheme": "1111111111111111111111111111111", "syllabus": "Work Power & Energy, Circular Motion", "subject": "P", "description": "Marking :\r\n\t\t\t\t\t\t\t\t\tDuration:", "duration": 60, "max_marks": 120, "created_at": "2020-04-27T05:48:19.492Z"}}, {"model": "app.paper", "pk": 48, "fields": {"author": 2, "name": "Origin Chemistry Paper - 3", "qpaper_file": "papers/Origin-C-3.pdf", "soln_file": "papers/Origin-C-3-Sol.pdf", "q_count": 30, "q_type": "MCQ|MCQ|MCQ|MCQ|MCQ|MCQ|MCQ|MCQ|MCQ|MCQ|MCQ|MCQ|MCQ|MCQ|MCQ|MCQ|MCQ|MCQ|MCQ|MCQ|MCQ|MCQ|MCQ|MCQ|MCQ|MCQ|MCQ|MCQ|MCQ|MCQ|MCQ", "answer_key": "X|B|A|A|A|B|A|C|B|D|A|A|D|A|B|D|C|C|D|C|A|C|D|D|B|B|D|C|B|A|C", "marking_scheme": "4444444444444444444444444444444", "negative_marking_scheme": "1111111111111111111111111111111", "syllabus": "Periodic Table & Chemical Bonding", "subject": "C", "description": "Marking :\r\n\t\t\t\t\t\t\t\t\tDuration:", "duration": 60, "max_marks": 120, "created_at": "2020-04-27T08:16:55.275Z"}}, {"model": "app.paper", "pk": 49, "fields": {"author": 2, "name": "Allen Nurture - 5", "qpaper_file": "papers/Nurture-5.pdf", "soln_file": "papers/Nurture-5-Sol.pdf", "q_count": 90, "q_type": "MCQ|MCQ|MCQ|MCQ|MCQ|MCQ|MCQ|MCQ|MCQ|MCQ|MCQ|MCQ|MCQ|MCQ|MCQ|MCQ|MCQ|MCQ|MCQ|MCQ|MCQ|MCQ|MCQ|MCQ|MCQ|MCQ|MCQ|MCQ|MCQ|MCQ|MCQ|MCQ|MCQ|MCQ|MCQ|MCQ|MCQ|MCQ|MCQ|MCQ|MCQ|MCQ|MCQ|MCQ|MCQ|MCQ|MCQ|MCQ|MCQ|MCQ|MCQ|MCQ|MCQ|MCQ|MCQ|MCQ|MCQ|MCQ|MCQ|MCQ|MCQ|MCQ|MCQ|MCQ|MCQ|MCQ|MCQ|MCQ|MCQ|MCQ|MCQ|MCQ|MCQ|MCQ|MCQ|MCQ|MCQ|MCQ|MCQ|MCQ|MCQ|MCQ|MCQ|MCQ|MCQ|MCQ|MCQ|MCQ|MCQ|MCQ|MCQ", "answer_key": "X|C|C|B|C|A|C|C|C|C|B|B|B|C|A|C|A|B|D|A|C|D|D|C|A|B|A|C|D|A|B|B|B|A|D|B|C|D|B|A|A|C|C|C|D|C|D|D|B|B|A|B|D|C|B|D|A|C|A|D|C|C|C|B|B|C|D|A|D|B|D|A|B|A|A|C|D|A|C|B|D|B|D|B|B|D|A|D|D|A|B", "marking_scheme": "4444444444444444444444444444444444444444444444444444444444444444444444444444444444444444444", "negative_marking_scheme": "1111111111111111111111111111111111111111111111111111111111111111111111111111111111111111111", "syllabus": "PHYSICS:  Work, Energy, Power & Circular Motion | CHEMISTRY : Chemical Bonding. | MATHEMATICS : Point and Straight Line |", "subject": "PCM", "description": "Marking :\t\t\t\t\t\t\t\t\tDuration:", "duration": 180, "max_marks": 360, "created_at": "2020-04-27T08:30:52Z"}}, {"model": "app.paper", "pk": 50, "fields": {"author": 2, "name": "Origin Chemistry Paper - 4", "qpaper_file": "papers/Origin-C-4.pdf", "soln_file": "papers/Origin-C-4-Sol.pdf", "q_count": 30, "q_type": "MCQ|MCQ|MCQ|MCQ|MCQ|MCQ|MCQ|MCQ|MCQ|MCQ|MCQ|MCQ|MCQ|MCQ|MCQ|MCQ|MCQ|MCQ|MCQ|MCQ|MCQ|MCQ|MCQ|MCQ|MCQ|MCQ|MCQ|MCQ|MCQ|MCQ|MCQ", "answer_key": "X|A|A|D|C|C|D|A|B|D|A|C|C|D|C|D|D|D|C|B|D|B|D|A|D|D|A|B|D|C|D", "marking_scheme": "4444444444444444444444444444444", "negative_marking_scheme": "1111111111111111111111111111111", "syllabus": "Redox Reaction & Chemical Equilibrium", "subject": "C", "description": "Marking :\t\t\t\t\t\t\t\t\tDuration:", "duration": 60, "max_marks": 120, "created_at": "2020-04-28T11:12:22Z"}}, {"model": "app.paper", "pk": 51, "fields": {"author": 2, "name": "Mathduniya: Progression", "qpaper_file": "papers/progressions.pdf", "soln_file": "papers/progression_solutions.pdf", "q_count": 20, "q_type": "MCQ|MCQ|MCQ|MCQ|MCQ|MCQ|MCQ|MCQ|MCQ|MCQ|MCQ|MCQ|MCQ|MCQ|MCQ|MCQ|MCQ|MCQ|MCQ|MCQ|MCQ", "answer_key": "X|B|C|B|B|B|D|B|B|B|B|C|C|C|B|A|B|A|B|A|A", "marking_scheme": "444444444444444444444", "negative_marking_scheme": "111111111111111111111", "syllabus": "Progression", "subject": "M", "description": "Marking :\r\n\t\t\t\t\t\t\t\t\tDuration:", "duration": 60, "max_marks": 80, "created_at": "2020-04-28T11:44:25.718Z"}}, {"model": "app.paper", "pk": 52, "fields": {"author": 2, "name": "Origin Physics Paper-4", "qpaper_file": "papers/Origin-P-4_45s1ZZX.pdf", "soln_file": "papers/Origin-P-4-Sol.pdf", "q_count": 25, "q_type": "MCQ|MCQ|MCQ|MCQ|MCQ|MCQ|MCQ|MCQ|MCQ|MCQ|MCQ|MCQ|MCQ|MCQ|MCQ|MCQ|MCQ|MCQ|MCQ|MCQ|MCQ|int|int|int|int|int", "answer_key": "X|A|C|B|D|A|B|A|C|B|B|C|B|C|D|C|C|A|B|B|B|1|2|5|3|8", "marking_scheme": "44444444444444444444444444", "negative_marking_scheme": "11111111111111111111100000", "syllabus": "Center of Mass", "subject": "P", "description": "Marking :\r\n\t\t\t\t\t\t\t\t\tDuration:", "duration": 60, "max_marks": 100, "created_at": "2020-04-29T09:07:20.335Z"}}, {"model": "app.paper", "pk": 53, "fields": {"author": 2, "name": "Origin Physics Paper-5", "qpaper_file": "papers/Origin-P-5.pdf", "soln_file": "papers/Origin-P-5-Sol.pdf", "q_count": 25, "q_type": "MCQ|MCQ|MCQ|MCQ|MCQ|MCQ|MCQ|MCQ|MCQ|MCQ|MCQ|MCQ|MCQ|MCQ|MCQ|MCQ|MCQ|MCQ|MCQ|MCQ|MCQ|int|int|int|int|int", "answer_key": "X|A|D|A|B|A|B|A|A|D|B|B|C|B|B|D|B|D|B|C|A|10|0|6|3|6", "marking_scheme": "44444444444444444444444444", "negative_marking_scheme": "11111111111111111111100000", "syllabus": "Rotational Motion", "subject": "P", "description": "Marking :\t\t\t\t\t\t\t\t\tDuration:", "duration": 60, "max_marks": 100, "created_at": "2020-04-29T14:15:02Z"}}, {"model": "app.paper", "pk": 55, "fields": {"author": 2, "name": "Origin Physics Paper-6", "qpaper_file": "papers/Origin-P-6_H0EFp1Q.pdf", "soln_file": "papers/Origin-P-6-Sol_CRSNA9k.pdf", "q_count": 40, "q_type": "MCQ|MCQ|MCQ|MCQ|MCQ|MCQ|MCQ|MCQ|MCQ|MCQ|MCQ|MCQ|MCQ|MCQ|MCQ|MCQ|MCQ|MCQ|MCQ|MCQ|MCQ|MCQ|MCQ|MCQ|MCQ|MCQ|MCQ|MCQ|MCQ|MCQ|MCQ|int|int|int|int|int|int|int|int|int|int", "answer_key": "X|B|B|B|B|B|B|A|B|D|C|B|A|B|C|B|B|B|B|C|B|B|B|B|B|B|A|B|C|D|C|1|3|1|4|2|7|5|1|2|7", "marking_scheme": "44444444444444444444444444444444444444444", "negative_marking_scheme": "11111111111111111111111111111110000000000", "syllabus": "Thermal Physics", "subject": "P", "description": "Marking :\r\n\t\t\t\t\t\t\t\t\tDuration:", "duration": 95, "max_marks": 160, "created_at": "2020-04-30T17:33:30.009Z"}}, {"model": "app.paper", "pk": 56, "fields": {"author": 2, "name": "Origin Chemistry Paper - 5", "qpaper_file": "papers/Origin-C-5.pdf", "soln_file": "papers/Origin-C-5-Sol.pdf", "q_count": 30, "q_type": "MCQ|MCQ|MCQ|MCQ|MCQ|MCQ|MCQ|MCQ|MCQ|MCQ|MCQ|MCQ|MCQ|MCQ|MCQ|MCQ|MCQ|MCQ|MCQ|MCQ|MCQ|MCQ|MCQ|MCQ|MCQ|MCQ|MCQ|MCQ|MCQ|MCQ|MCQ", "answer_key": "X|B|A|D|B|C|A|D|B|D|C|C|A|C|D|A|C|B|C|B|C|B|A|B|A|C|D|A|A|C|C", "marking_scheme": "4444444444444444444444444444444", "negative_marking_scheme": "1111111111111111111111111111111", "syllabus": "Ionic Equilibrium", "subject": "C", "description": "Marking :\r\n\t\t\t\t\t\t\t\t\tDuration:", "duration": 60, "max_marks": 120, "created_at": "2020-05-02T06:20:39.517Z"}}, {"model": "app.paper", "pk": 57, "fields": {"author": 2, "name": "Origin Chemistry Paper - 6", "qpaper_file": "papers/Origin-C-6.pdf", "soln_file": "papers/Origin-C-6-Sol.pdf", "q_count": 30, "q_type": "MCQ|MCQ|MCQ|MCQ|MCQ|MCQ|MCQ|MCQ|MCQ|MCQ|MCQ|MCQ|MCQ|MCQ|MCQ|MCQ|MCQ|MCQ|MCQ|MCQ|MCQ|MCQ|MCQ|MCQ|MCQ|MCQ|MCQ|MCQ|MCQ|MCQ|MCQ", "answer_key": "X|B|A|D|D|B|C|A|A|A|B|B|D|D|C|C|A|C|B|A|D|D|B|C|C|B|A|B|B|B|C", "marking_scheme": "4444444444444444444444444444444", "negative_marking_scheme": "1111111111111111111111111111111", "syllabus": "Gaseous State", "subject": "C", "description": "Marking :\r\n\t\t\t\t\t\t\t\t\tDuration:", "duration": 60, "max_marks": 120, "created_at": "2020-05-06T11:22:43.815Z"}}, {"model": "app.paper", "pk": 58, "fields": {"author": 2, "name": "Origin Chemistry Paper - 7", "qpaper_file": "papers/Origin-C-7_OZ3qHCE.pdf", "soln_file": "papers/opc7_tsYaIF8.pdf", "q_count": 30, "q_type": "MCQ|MCQ|MCQ|MCQ|MCQ|MCQ|MCQ|MCQ|MCQ|MCQ|MCQ|MCQ|MCQ|MCQ|MCQ|MCQ|MCQ|MCQ|MCQ|MCQ|MCQ|MCQ|MCQ|MCQ|MCQ|int|int|int|int|int|int", "answer_key": "X|C|C|D|B|C|C|A|D|A|C|A|D|B|B|B|D|D|D|A|C|D|B|C|C|3|25|2|4|4|6", "marking_scheme": "4444444444444444444444444444444", "negative_marking_scheme": "1111111111111111111111111000000", "syllabus": "Hydrogen", "subject": "C", "description": "Marking :\t\t\t\t\t\t\t\t\tDuration:", "duration": 60, "max_marks": 120, "created_at": "2020-05-08T00:20:23Z"}}, {"model": "app.paper", "pk": 59, "fields": {"author": 2, "name": "Mathduniya: Complex", "qpaper_file": "papers/complex_numbers.pdf", "soln_file": "papers/Complex_numbers_solutions.pdf", "q_count": 20, "q_type": "MCQ|MCQ|MCQ|MCQ|MCQ|MCQ|MCQ|MCQ|MCQ|MCQ|MCQ|MCQ|MCQ|MCQ|MCQ|MCQ|MCQ|MCQ|MCQ|MCQ|MCQ", "answer_key": "X|A|B|C|A|B|C|C|A|C|C|B|D|C|D|D|C|D|D|B|B", "marking_scheme": "444444444444444444444", "negative_marking_scheme": "111111111111111111111", "syllabus": "Complex Number", "subject": "M", "description": "Marking :\r\n\t\t\t\t\t\t\t\t\tDuration:", "duration": 60, "max_marks": 80, "created_at": "2020-05-08T16:31:03.516Z"}}, {"model": "app.paper", "pk": 60, "fields": {"author": 2, "name": "Origin Physics Paper-7", "qpaper_file": "papers/Origin-P-71.pdf", "soln_file": "papers/Origin-P-7-Sol.pdf", "q_count": 25, "q_type": "MCQ|MCQ|MCQ|MCQ|MCQ|MCQ|MCQ|MCQ|MCQ|MCQ|MCQ|MCQ|MCQ|MCQ|MCQ|MCQ|MCQ|MCQ|MCQ|MCQ|MCQ|int|int|int|int|int", "answer_key": "X|A|D|D|A|C|A|A|D|A|B|C|B|C|D|A|C|A|B|A|A|2|2|3|5|8", "marking_scheme": "44444444444444444444444444", "negative_marking_scheme": "11111111111111111111100000", "syllabus": "Fluid Mechanics, Properties of Matter", "subject": "P", "description": "Marking :\t\t\t\t\t\t\t\t\tDuration:", "duration": 60, "max_marks": 100, "created_at": "2020-05-09T16:59:54Z"}}, {"model": "app.paper", "pk": 61, "fields": {"author": 2, "name": "Allen Nurture - 8", "qpaper_file": "papers/Nurture-7.pdf", "soln_file": "papers/Nurture-7-Sol.pdf", "q_count": 75, "q_type": "MCQ|MCQ|MCQ|MCQ|MCQ|MCQ|MCQ|MCQ|MCQ|MCQ|MCQ|MCQ|MCQ|MCQ|MCQ|MCQ|MCQ|MCQ|MCQ|MCQ|MCQ|int|int|int|int|int|MCQ|MCQ|MCQ|MCQ|MCQ|MCQ|MCQ|MCQ|MCQ|MCQ|MCQ|MCQ|MCQ|MCQ|MCQ|MCQ|MCQ|MCQ|MCQ|MCQ|int|int|int|int|int|MCQ|MCQ|MCQ|MCQ|MCQ|MCQ|MCQ|MCQ|MCQ|MCQ|MCQ|MCQ|MCQ|MCQ|MCQ|MCQ|MCQ|MCQ|MCQ|MCQ|int|int|int|int|int", "answer_key": "X|A|A|D|C|C|D|D|C|B|B|A|B|D|C|B|B|B|D|B|C|1|1|716|900|25|C|C|B|B|A|C|D|D|C|A|D|D|D|A|B|C|A|C|A|C|3|11|1|4|2|B|A|B|A|A|C|C|A|A|D|A|B|D|C|D|D|C|A|D|C|36|420|560|91|1", "marking_scheme": "4444444444444444444444444444444444444444444444444444444444444444444444444444", "negative_marking_scheme": "1111111111111111111110000011111111111111111111000001111111111111111111100000", "syllabus": "PHYSICS: Thermal Physics (Thermal Expansion, Calorimetry , Heat Transfer, KTG & Thermodynamics)CHEMISTRY : Ionic Equilibrium, Acid Base theory, s-block elements & hydrogen, Boron & Carbon family.MATHEMATICS : Permutation & Combination and Binomial Theorem", "subject": "PCM", "description": "Marking :\t\t\t\t\t\t\t\t\tDuration:", "duration": 180, "max_marks": 300, "created_at": "2020-05-10T16:50:01Z"}}, {"model": "app.paper", "pk": 62, "fields": {"author": 2, "name": "Origin Physics Paper - 8", "qpaper_file": "papers/Origin-P-8.pdf", "soln_file": "papers/Origin-P-8-Sol.pdf", "q_count": 25, "q_type": "MCQ|MCQ|MCQ|MCQ|MCQ|MCQ|MCQ|MCQ|MCQ|MCQ|MCQ|MCQ|MCQ|MCQ|MCQ|MCQ|MCQ|MCQ|MCQ|MCQ|MCQ|int|int|int|int|int", "answer_key": "X|C|B|C|D|B|D|B|C|A|C|B|D|D|C|C|D|B|A|C|D|1|3|15|3|48", "marking_scheme": "44444444444444444444444444", "negative_marking_scheme": "11111111111111111111100000", "syllabus": "SImple Harmonic Motion (SHM)", "subject": "P", "description": "Marking :\t\t\t\t\t\t\t\t\tDuration:", "duration": 60, "max_marks": 100, "created_at": "2020-05-12T03:12:59Z"}}, {"model": "app.paper", "pk": 63, "fields": {"author": 2, "name": "Allen Nurture - 7", "qpaper_file": "papers/Nurture-8.pdf", "soln_file": "papers/Nurture-8-Sol.pdf", "q_count": 90, "q_type": "MCQ|MCQ|MCQ|MCQ|MCQ|MCQ|MCQ|MCQ|MCQ|MCQ|MCQ|MCQ|MCQ|MCQ|MCQ|MCQ|MCQ|MCQ|MCQ|MCQ|MCQ|MCQ|MCQ|MCQ|MCQ|MCQ|MCQ|MCQ|MCQ|MCQ|MCQ|MCQ|MCQ|MCQ|MCQ|MCQ|MCQ|MCQ|MCQ|MCQ|MCQ|MCQ|MCQ|MCQ|MCQ|MCQ|MCQ|MCQ|MCQ|MCQ|MCQ|MCQ|MCQ|MCQ|MCQ|MCQ|MCQ|MCQ|MCQ|MCQ|MCQ|MCQ|MCQ|MCQ|MCQ|MCQ|MCQ|MCQ|MCQ|MCQ|MCQ|MCQ|MCQ|MCQ|MCQ|MCQ|MCQ|MCQ|MCQ|MCQ|MCQ|MCQ|MCQ|MCQ|MCQ|MCQ|MCQ|MCQ|MCQ|MCQ|MCQ", "answer_key": "X|D|A|D|C|C|D|D|C|D|C|B|B|B|D|A|C|D|A|D|C|D|D|A|D|A|C|B|A|D|C|D|D|D|C|D|A|C|D|A|C|B|A|C|A|B|C|C|A|B|A|D|D|A|B|A|A|B|C|B|C|A|B|C|B|C|D|B|B|B|C|D|B|A|C|D|B|A|A|B|C|A|D|A|C|C|C|A|A|A|C", "marking_scheme": "4444444444444444444444444444444444444444444444444444444444444444444444444444444444444444444", "negative_marking_scheme": "1111111111111111111111111111111111111111111111111111111111111111111111111111111111111111111", "syllabus": "PHYSICS: Rotational MotionCHEMISTRY: Organic nomenclature, Basic principles of practical organic chemistry, State of matter(gaseous state)MATHEMATICS: : Sequences and Series", "subject": "PCM", "description": "Marking :\t\t\t\t\t\t\t\t\tDuration:", "duration": 180, "max_marks": 360, "created_at": "2020-05-12T15:35:06Z"}}, {"model": "app.paper", "pk": 64, "fields": {"author": 2, "name": "Allen Minor- 2", "qpaper_file": "papers/Minor-2.pdf", "soln_file": "papers/Minor-2-Sol.pdf", "q_count": 75, "q_type": "MCQ|MCQ|MCQ|MCQ|MCQ|MCQ|MCQ|MCQ|MCQ|MCQ|MCQ|MCQ|MCQ|MCQ|MCQ|MCQ|MCQ|MCQ|MCQ|MCQ|MCQ|int|int|int|int|int|MCQ|MCQ|MCQ|MCQ|MCQ|MCQ|MCQ|MCQ|MCQ|MCQ|MCQ|MCQ|MCQ|MCQ|MCQ|MCQ|MCQ|MCQ|MCQ|MCQ|int|int|int|int|int|MCQ|MCQ|MCQ|MCQ|MCQ|MCQ|MCQ|MCQ|MCQ|MCQ|MCQ|MCQ|MCQ|MCQ|MCQ|MCQ|MCQ|MCQ|MCQ|MCQ|int|int|int|int|int", "answer_key": "X|D|A|A|B|A|A|A|C|B|A|C|D|C|C|A|D|D|B|D|A|5|3|15|0|-60|C|D|C|B|D|A|D|C|D|A|D|B|A|A|D|D|C|B|B|C|3|8|2|4|7|B|B|D|C|D|C|C|B|A|D|C|D|A|D|A|B|A|A|C|B|28|1|4|5|15", "marking_scheme": "4444444444444444444444444444444444444444444444444444444444444444444444444444", "negative_marking_scheme": "1111111111111111111110000011111111111111111111000001111111111111111111100000", "syllabus": "PHYSICS : Work, Energy, Power, Circular Motion, Conservation Laws-Collisions and Centre of Mass & Rotational MotionCHEMISTRY : Chemical Bonding, Redox and Equivalent concept, Chemical Equilibrium,Organic Nomenclature, Basic Principles of Practical Organic Chemistry & State of Matter (Gaseous State)MATHEMATICS : Point, Straight Line and Circle, Sequences & Series", "subject": "PCM", "description": "Marking :\t\t\t\t\t\t\t\t\tDuration:", "duration": 180, "max_marks": 300, "created_at": "2020-05-14T17:00:21Z"}}, {"model": "app.paper", "pk": 65, "fields": {"author": 2, "name": "Origin Chemistry Paper - 8", "qpaper_file": "papers/Origin-C-8.pdf", "soln_file": "papers/Origin-C-8-Sol.pdf", "q_count": 30, "q_type": "MCQ|MCQ|MCQ|MCQ|MCQ|MCQ|MCQ|MCQ|MCQ|MCQ|MCQ|MCQ|MCQ|MCQ|MCQ|MCQ|MCQ|MCQ|MCQ|MCQ|MCQ|MCQ|MCQ|MCQ|MCQ|MCQ|MCQ|MCQ|MCQ|MCQ|MCQ", "answer_key": "X|D|C|C|D|C|A|D|D|A|B|C|A|C|B|A|D|C|A|C|C|A|C|D|B|B|B|C|B|D|C", "marking_scheme": "4444444444444444444444444444444", "negative_marking_scheme": "1111111111111111111111111111111", "syllabus": "Isomerism", "subject": "C", "description": "Marking :\r\n\t\t\t\t\t\t\t\t\tDuration:", "duration": 60, "max_marks": 120, "created_at": "2020-05-16T13:25:16.585Z"}}, {"model": "app.paper", "pk": 66, "fields": {"author": 2, "name": "Allen Nurture - 10", "qpaper_file": "papers/Nurture-10.pdf", "soln_file": "papers/Nurture-10-Sol.pdf", "q_count": 75, "q_type": "MCQ|MCQ|MCQ|MCQ|MCQ|MCQ|MCQ|MCQ|MCQ|MCQ|MCQ|MCQ|MCQ|MCQ|MCQ|MCQ|MCQ|MCQ|MCQ|MCQ|MCQ|int|int|int|int|int|MCQ|MCQ|MCQ|MCQ|MCQ|MCQ|MCQ|MCQ|MCQ|MCQ|MCQ|MCQ|MCQ|MCQ|MCQ|MCQ|MCQ|MCQ|MCQ|MCQ|int|int|int|int|int|MCQ|MCQ|MCQ|MCQ|MCQ|MCQ|MCQ|MCQ|MCQ|MCQ|MCQ|MCQ|MCQ|MCQ|MCQ|MCQ|MCQ|MCQ|MCQ|MCQ|int|int|int|int|int", "answer_key": "X|C|C|C|B|C|B|A|B|A|C|C|A|C|C|C|C|C|C|B|D|0|2|20|1|0|A|C|B|B|C|C|A|C|C|A|B|C|C|A|C|A|C|A|B|B|3|10|3|6|3|A|B|C|D|D|B|B|C|B|A|C|B|B|B|C|B|B|C|A|B|0|4|216|6|4", "marking_scheme": "4444444444444444444444444444444444444444444444444444444444444444444444444444", "negative_marking_scheme": "1111111111111111111110000011111111111111111111000001111111111111111111100000", "syllabus": "PHYSICS : Gravitation, Propertics of Matter & Fluid Mechanics | \r\n\r\nCHEMISTRY : GOC (Application of Electronic Effect, Aromaticity, Application of Inductive, Resonance, Hyperconjugation Effect on Stability of Intermediates) | \r\n\r\nMATHEMATICS : Complex Number & Principle of Mathematical Induction |", "subject": "PCM", "description": "Marking :\r\n\t\t\t\t\t\t\t\t\tDuration:", "duration": 180, "max_marks": 300, "created_at": "2020-05-16T17:17:15.825Z"}}, {"model": "app.paper", "pk": 67, "fields": {"author": 2, "name": "Origin Chemistry Paper - 9", "qpaper_file": "papers/Origin-C-9.pdf", "soln_file": "papers/Origin-C-9-Sol.pdf", "q_count": 25, "q_type": "MCQ|MCQ|MCQ|MCQ|MCQ|MCQ|MCQ|MCQ|MCQ|MCQ|MCQ|MCQ|MCQ|MCQ|MCQ|MCQ|MCQ|MCQ|MCQ|MCQ|MCQ|int|int|int|int|int", "answer_key": "X|D|C|C|A|C|C|C|C|C|C|C|C|D|C|D|A|C|D|B|B|4|2|7|9|6", "marking_scheme": "44444444444444444444444444", "negative_marking_scheme": "11111111111111111111100000", "syllabus": "General Organic Chemistry ( Reaction Mechanism)", "subject": "C", "description": "Marking :\r\n\t\t\t\t\t\t\t\t\tDuration:", "duration": 60, "max_marks": 100, "created_at": "2020-05-16T18:16:21.074Z"}}, {"model": "app.paper", "pk": 68, "fields": {"author": 2, "name": "Origin Physics Paper-9", "qpaper_file": "papers/Origin-P-9_1.pdf", "soln_file": "papers/Origin-P-9-Sol.pdf", "q_count": 25, "q_type": "MCQ|MCQ|MCQ|MCQ|MCQ|MCQ|MCQ|MCQ|MCQ|MCQ|MCQ|MCQ|MCQ|MCQ|MCQ|MCQ|MCQ|MCQ|MCQ|MCQ|MCQ|int|int|int|int|int", "answer_key": "X|A|A|A|A|C|B|B|C|A|A|A|A|A|D|A|B|B|B|A|D|6|2|9|6|5", "marking_scheme": "44444444444444444444444444", "negative_marking_scheme": "11111111111111111111100000", "syllabus": "Wave Theory", "subject": "P", "description": "Marking :\t\t\t\t\t\t\t\t\tDuration:", "duration": 60, "max_marks": 100, "created_at": "2020-05-18T12:59:23Z"}}, {"model": "app.paper", "pk": 69, "fields": {"author": 2, "name": "Origin Chemistry Paper - 9", "qpaper_file": "papers/Origin-C-10.pdf", "soln_file": "papers/Origin-C-10-Sol.pdf", "q_count": 30, "q_type": "MCQ|MCQ|MCQ|MCQ|MCQ|MCQ|MCQ|MCQ|MCQ|MCQ|MCQ|MCQ|MCQ|MCQ|MCQ|MCQ|MCQ|MCQ|MCQ|MCQ|MCQ|MCQ|MCQ|MCQ|MCQ|MCQ|MCQ|MCQ|MCQ|MCQ|MCQ", "answer_key": "X|A|B|C|B|B|C|C|A|A|A|B|A|A|D|A|B|C|A|D|A|B|A|B|A|D|D|A|B|C|B", "marking_scheme": "4444444444444444444444444444444", "negative_marking_scheme": "1111111111111111111111111111111", "syllabus": "Thermodynamics and Thermochemistry", "subject": "C", "description": "Marking :\r\n\t\t\t\t\t\t\t\t\tDuration:", "duration": 60, "max_marks": 120, "created_at": "2020-05-18T17:08:58.647Z"}}, {"model": "app.paper", "pk": 70, "fields": {"author": 2, "name": "Mathduniya: Function, LCD", "qpaper_file": "papers/Functions_and_limit_CONT_Diff.pdf", "soln_file": "papers/Functions_and_limit_CONT_Diff_solutions.pdf", "q_count": 20, "q_type": "MCQ|MCQ|MCQ|MCQ|MCQ|MCQ|MCQ|MCQ|MCQ|MCQ|MCQ|MCQ|MCQ|MCQ|MCQ|MCQ|MCQ|MCQ|MCQ|MCQ|MCQ", "answer_key": "X|C|C|C|D|D|D|B|B|D|C|C|C|A|D|B|A|D|A|B|A", "marking_scheme": "444444444444444444444", "negative_marking_scheme": "111111111111111111111", "syllabus": "Function, Limit, Continuity & Differentiablity", "subject": "M", "description": "Marking :\r\n\t\t\t\t\t\t\t\t\tDuration:", "duration": 60, "max_marks": 80, "created_at": "2020-05-20T06:11:05.136Z"}}, {"model": "app.paper", "pk": 71, "fields": {"author": 2, "name": "Allen Nurture - 11", "qpaper_file": "papers/Nurture-11.pdf", "soln_file": "papers/Nurture-11-Sol.pdf", "q_count": 75, "q_type": "MCQ|MCQ|MCQ|MCQ|MCQ|MCQ|MCQ|MCQ|MCQ|MCQ|MCQ|MCQ|MCQ|MCQ|MCQ|MCQ|MCQ|MCQ|MCQ|MCQ|MCQ|int|int|int|int|int|MCQ|MCQ|MCQ|MCQ|MCQ|MCQ|MCQ|MCQ|MCQ|MCQ|MCQ|MCQ|MCQ|MCQ|MCQ|MCQ|MCQ|MCQ|MCQ|MCQ|int|int|int|int|int|MCQ|MCQ|MCQ|MCQ|MCQ|MCQ|MCQ|MCQ|MCQ|MCQ|MCQ|MCQ|MCQ|MCQ|MCQ|MCQ|MCQ|MCQ|MCQ|MCQ|int|int|int|int|int", "answer_key": "X|A|A|D|B|B|D|A|C|C|C|C|A|D|C|B|C|C|C|D|A|0|3|0|2|1|B|D|B|C|D|C|C|B|A|C|B|B|C|C|D|B|B|C|B|C|8|4|2|3|2|C|C|B|C|B|D|C|D|B|B|A|B|D|A|B|A|A|A|A|A|18|12|192|3|2", "marking_scheme": "4444444444444444444444444444444444444444444444444444444444444444444444444444", "negative_marking_scheme": "1111111111111111111110000011111111111111111111000001111111111111111111100000", "syllabus": "\"\"", "subject": "P", "description": "Marking :\r\n\t\t\t\t\t\t\t\t\tDuration:", "duration": 180, "max_marks": 300, "created_at": "2020-05-20T17:21:57.433Z"}}, {"model": "app.paper", "pk": 72, "fields": {"author": 2, "name": "Mathduniya: Probability", "qpaper_file": "papers/Probability.pdf", "soln_file": "papers/Probability_solutions.pdf", "q_count": 20, "q_type": "MCQ|MCQ|MCQ|MCQ|MCQ|MCQ|MCQ|MCQ|MCQ|MCQ|MCQ|MCQ|MCQ|MCQ|MCQ|MCQ|MCQ|MCQ|MCQ|MCQ|MCQ", "answer_key": "X|A|C|A|B|B|A|B|D|C|C|A|A|C|C|D|C|C|A|A|B", "marking_scheme": "444444444444444444444", "negative_marking_scheme": "111111111111111111111", "syllabus": "Probability", "subject": "M", "description": "Marking :\r\n\t\t\t\t\t\t\t\t\tDuration:", "duration": 60, "max_marks": 80, "created_at": "2020-05-23T01:03:13.458Z"}}, {"model": "app.paper", "pk": 73, "fields": {"author": 2, "name": "Allen Nurture - 6", "qpaper_file": "papers/Nurture-6_eLqPVxr.pdf", "soln_file": "papers/Nurture-6-Sol_vrXOTVT.pdf", "q_count": 90, "q_type": "MCQ|MCQ|MCQ|MCQ|MCQ|MCQ|MCQ|MCQ|MCQ|MCQ|MCQ|MCQ|MCQ|MCQ|MCQ|MCQ|MCQ|MCQ|MCQ|MCQ|MCQ|MCQ|MCQ|MCQ|MCQ|MCQ|MCQ|MCQ|MCQ|MCQ|MCQ|MCQ|MCQ|MCQ|MCQ|MCQ|MCQ|MCQ|MCQ|MCQ|MCQ|MCQ|MCQ|MCQ|MCQ|MCQ|MCQ|MCQ|MCQ|MCQ|MCQ|MCQ|MCQ|MCQ|MCQ|MCQ|MCQ|MCQ|MCQ|MCQ|MCQ|MCQ|MCQ|MCQ|MCQ|MCQ|MCQ|MCQ|MCQ|MCQ|MCQ|MCQ|MCQ|MCQ|MCQ|MCQ|MCQ|MCQ|MCQ|MCQ|MCQ|MCQ|MCQ|MCQ|MCQ|MCQ|MCQ|MCQ|MCQ|MCQ|MCQ", "answer_key": "X|C|A|B|A|A|D|C|C|D|A|C|B|C|B|D|D|A|D|D|B|A|B|B|D|D|A|B|D|B|B|D|C|B|A|B|C|D|C|D|C|A|B|A|C|C|C|A|B|B|C|B|D|D|C|A|C|D|B|B|C|A|B|D|D|D|A|C|C|D|D|A|B|B|B|A|B|C|B|B|B|C|B|A|C|B|B|A|D|C|A", "marking_scheme": "4444444444444444444444444444444444444444444444444444444444444444444444444444444444444444444", "negative_marking_scheme": "1111111111111111111111111111111111111111111111111111111111111111111111111111111111111111111", "syllabus": "\"\"", "subject": "PCM", "description": "Marking :\t\t\t\t\t\t\t\t\tDuration:", "duration": 180, "max_marks": 360, "created_at": "2020-05-23T10:53:13Z"}}, {"model": "app.paper", "pk": 74, "fields": {"author": 2, "name": "Allen Nurture - 12", "qpaper_file": "papers/Nurture-12.pdf", "soln_file": "papers/Nurture-12-Sol.pdf", "q_count": 75, "q_type": "MCQ|MCQ|MCQ|MCQ|MCQ|MCQ|MCQ|MCQ|MCQ|MCQ|MCQ|MCQ|MCQ|MCQ|MCQ|MCQ|MCQ|MCQ|MCQ|MCQ|MCQ|int|int|int|int|int|MCQ|MCQ|MCQ|MCQ|MCQ|MCQ|MCQ|MCQ|MCQ|MCQ|MCQ|MCQ|MCQ|MCQ|MCQ|MCQ|MCQ|MCQ|MCQ|MCQ|int|int|int|int|int|MCQ|MCQ|MCQ|MCQ|MCQ|MCQ|MCQ|MCQ|MCQ|MCQ|MCQ|MCQ|MCQ|MCQ|MCQ|MCQ|MCQ|MCQ|MCQ|MCQ|int|int|int|int|int", "answer_key": "X|D|B|A|A|B|B|B|B|C|C|C|D|C|D|A|A|B|D|B|A|348|648|3|200|1|C|A|C|C|C|D|D|B|B|B|A|B|C|A|C|B|C|D|D|D|1|3|2|357|1|A|C|B|C|C|D|A|C|C|A|B|D|B|B|D|C|A|B|A|D|4|79|0|1|7", "marking_scheme": "4444444444444444444444444444444444444444444444444444444444444444444444444444", "negative_marking_scheme": "1111111111111111111110000011111111111111111111000001111111111111111111100000", "syllabus": "PHYSICS : Wave Motion and Doppler\u2019s Effects\r\n\r\nCHEMISTRY : Alkane, Alkenes and Alkynes, Chemical Thermodynamics and Thermochemistry, Aromatic Hydrocarbon & Environmental Chemistry.\r\n\r\nMATHEMATICS : Functions, Limit and Derivative and Three Dimensional Geometry, Probability", "subject": "PCM", "description": "Marking :\r\n\t\t\t\t\t\t\t\t\tDuration:", "duration": 180, "max_marks": 300, "created_at": "2020-05-23T16:21:34.572Z"}}, {"model": "app.paper", "pk": 75, "fields": {"author": 2, "name": "Allen Minor- 3", "qpaper_file": "papers/Minor-1_d1iz6EG.pdf", "soln_file": "papers/Minor-1-Sol_Lb0aHmw.pdf", "q_count": 75, "q_type": "MCQ|MCQ|MCQ|MCQ|MCQ|MCQ|MCQ|MCQ|MCQ|MCQ|MCQ|MCQ|MCQ|MCQ|MCQ|MCQ|MCQ|MCQ|MCQ|MCQ|MCQ|int|int|int|int|int|MCQ|MCQ|MCQ|MCQ|MCQ|MCQ|MCQ|MCQ|MCQ|MCQ|MCQ|MCQ|MCQ|MCQ|MCQ|MCQ|MCQ|MCQ|MCQ|MCQ|int|int|int|int|int|MCQ|MCQ|MCQ|MCQ|MCQ|MCQ|MCQ|MCQ|MCQ|MCQ|MCQ|MCQ|MCQ|MCQ|MCQ|MCQ|MCQ|MCQ|MCQ|MCQ|int|int|int|int|int", "answer_key": "X|A|B|B|A|C|D|B|D|D|B|B|A|C|A|A|C|A|A|D|D|18|3|4|2|0|B|A|B|C|B|A|A|C|D|A|D|D|C|D|D|C|C|C|D|B|6|3|6|4|2|C|C|D|B|B|B|B|B|B|A|A|B|C|D|C|B|B|C|C|A|20|4|12|5|5", "marking_scheme": "4444444444444444444444444444444444444444444444444444444444444444444444444444", "negative_marking_scheme": "1111111111111111111110000011111111111111111111000001111111111111111111100000", "syllabus": "\"\"", "subject": "PCM", "description": "Marking :\r\n\t\t\t\t\t\t\t\t\tDuration:", "duration": 180, "max_marks": 300, "created_at": "2020-05-24T16:29:23.402Z"}}, {"model": "app.profile", "pk": 13, "fields": {"user": 1, "u_type": "T"}}, {"model": "app.profile", "pk": 14, "fields": {"user": 2, "u_type": "T"}}, {"model": "app.profile", "pk": 15, "fields": {"user": 3, "u_type": "S"}}, {"model": "app.profile", "pk": 16, "fields": {"user": 4, "u_type": "S"}}, {"model": "app.profile", "pk": 17, "fields": {"user": 5, "u_type": "S"}}, {"model": "app.profile", "pk": 18, "fields": {"user": 6, "u_type": "S"}}, {"model": "app.profile", "pk": 19, "fields": {"user": 7, "u_type": "S"}}, {"model": "app.profile", "pk": 52, "fields": {"user": 40, "u_type": "S"}}, {"model": "app.profile", "pk": 53, "fields": {"user": 41, "u_type": "S"}}, {"model": "app.profile", "pk": 54, "fields": {"user": 42, "u_type": "S"}}]